"evenement_name","evenement_date","evenement_url","evenement_tarif","evenement_lieu","evenement_lieu_2","evenement_selection2"
"Signons-Ensemble !","Jeudi 21 novembre, 10h","https://www.geneve.ch/agenda/signons-ensemble-0","gratuit","<div class=""legende"">
      <h2>
      <a href=""/bibliotheque-minoteries"" class=""legende__titre gras sous-ligne"">Bibliothèque des Minoteries</a>
    </h2>
    <p>Rue des Minoteries 3<br>1205 Genève<br><br><br><a href=""http://institutions.ville-geneve.ch/fr/bm/nos-bibliotheques/adresses-et-horaires/minoteries/"" class=""ext"" data-extlink="""" title=""(Nouvelle fenêtre)"" target=""_blank"" rel=""noopener"">Site web de la Bibliothèque des Minoteries<svg focusable=""false"" class=""ext"" role=""img"" aria-label=""(le lien est externe)"" xmlns=""http://www.w3.org/2000/svg"" viewBox=""0 0 80 40""><metadata><sfw xmlns=""http://ns.adobe.com/SaveForWeb/1.0/""><slicesourcebounds y=""-8160"" x=""-8165"" width=""16389"" height=""16384"" bottomleftorigin=""true""></slicesourcebounds><optimizationsettings><targetsettings targetsettingsid=""0"" fileformat=""PNG24Format""><png24format transparency=""true"" filtered=""false"" interlaced=""false"" nomattecolor=""false"" mattecolor=""#FFFFFF""></png24format></targetsettings></optimizationsettings></sfw></metadata><title>(le lien est externe)</title><path d=""M48 26c-1.1 0-2 0.9-2 2v26H10V18h26c1.1 0 2-0.9 2-2s-0.9-2-2-2H8c-1.1 0-2 0.9-2 2v40c0 1.1 0.9 2 2 2h40c1.1 0 2-0.9 2-2V28C50 26.9 49.1 26 48 26z""></path><path d=""M56 6H44c-1.1 0-2 0.9-2 2s0.9 2 2 2h7.2L30.6 30.6c-0.8 0.8-0.8 2 0 2.8C31 33.8 31.5 34 32 34s1-0.2 1.4-0.6L54 12.8V20c0 1.1 0.9 2 2 2s2-0.9 2-2V8C58 6.9 57.1 6 56 6z""></path></svg></a></p>
  <a href=""mailto:"" class=""legende__mail""></a>
      <a href=""https://www.google.com/maps/@46.190933100928,6.1425898203766,15z"" class=""legende__bouton-plan bouton primaire ext"" data-extlink="""" title=""(Nouvelle fenêtre)"" target=""_blank"" rel=""noopener"">
      <i aria-hidden=""true"" class=""fas fa-map-marker-alt""></i>
      Voir sur le plan
    <svg focusable=""false"" class=""ext"" role=""img"" aria-label=""(le lien est externe)"" xmlns=""http://www.w3.org/2000/svg"" viewBox=""0 0 80 40""><metadata><sfw xmlns=""http://ns.adobe.com/SaveForWeb/1.0/""><slicesourcebounds y=""-8160"" x=""-8165"" width=""16389"" height=""16384"" bottomleftorigin=""true""></slicesourcebounds><optimizationsettings><targetsettings targetsettingsid=""0"" fileformat=""PNG24Format""><png24format transparency=""true"" filtered=""false"" interlaced=""false"" nomattecolor=""false"" mattecolor=""#FFFFFF""></png24format></targetsettings></optimizationsettings></sfw></metadata><title>(le lien est externe)</title><path d=""M48 26c-1.1 0-2 0.9-2 2v26H10V18h26c1.1 0 2-0.9 2-2s-0.9-2-2-2H8c-1.1 0-2 0.9-2 2v40c0 1.1 0.9 2 2 2h40c1.1 0 2-0.9 2-2V28C50 26.9 49.1 26 48 26z""></path><path d=""M56 6H44c-1.1 0-2 0.9-2 2s0.9 2 2 2h7.2L30.6 30.6c-0.8 0.8-0.8 2 0 2.8C31 33.8 31.5 34 32 34s1-0.2 1.4-0.6L54 12.8V20c0 1.1 0.9 2 2 2s2-0.9 2-2V8C58 6.9 57.1 6 56 6z""></path></svg></a>
  </div>","
      <h2>
      <a href=""/bibliotheque-minoteries"" class=""legende__titre gras sous-ligne"">Bibliothèque des Minoteries</a>
    </h2>
    <p>Rue des Minoteries 3<br>1205 Genève<br><br><br><a href=""http://institutions.ville-geneve.ch/fr/bm/nos-bibliotheques/adresses-et-horaires/minoteries/"" class=""ext"" data-extlink="""" title=""(Nouvelle fenêtre)"" target=""_blank"" rel=""noopener"">Site web de la Bibliothèque des Minoteries<svg focusable=""false"" class=""ext"" role=""img"" aria-label=""(le lien est externe)"" xmlns=""http://www.w3.org/2000/svg"" viewBox=""0 0 80 40""><metadata><sfw xmlns=""http://ns.adobe.com/SaveForWeb/1.0/""><slicesourcebounds y=""-8160"" x=""-8165"" width=""16389"" height=""16384"" bottomleftorigin=""true""></slicesourcebounds><optimizationsettings><targetsettings targetsettingsid=""0"" fileformat=""PNG24Format""><png24format transparency=""true"" filtered=""false"" interlaced=""false"" nomattecolor=""false"" mattecolor=""#FFFFFF""></png24format></targetsettings></optimizationsettings></sfw></metadata><title>(le lien est externe)</title><path d=""M48 26c-1.1 0-2 0.9-2 2v26H10V18h26c1.1 0 2-0.9 2-2s-0.9-2-2-2H8c-1.1 0-2 0.9-2 2v40c0 1.1 0.9 2 2 2h40c1.1 0 2-0.9 2-2V28C50 26.9 49.1 26 48 26z""></path><path d=""M56 6H44c-1.1 0-2 0.9-2 2s0.9 2 2 2h7.2L30.6 30.6c-0.8 0.8-0.8 2 0 2.8C31 33.8 31.5 34 32 34s1-0.2 1.4-0.6L54 12.8V20c0 1.1 0.9 2 2 2s2-0.9 2-2V8C58 6.9 57.1 6 56 6z""></path></svg></a></p>
  <a href=""mailto:"" class=""legende__mail""></a>
      <a href=""https://www.google.com/maps/@46.190933100928,6.1425898203766,15z"" class=""legende__bouton-plan bouton primaire ext"" data-extlink="""" title=""(Nouvelle fenêtre)"" target=""_blank"" rel=""noopener"">
      <i aria-hidden=""true"" class=""fas fa-map-marker-alt""></i>
      Voir sur le plan
    <svg focusable=""false"" class=""ext"" role=""img"" aria-label=""(le lien est externe)"" xmlns=""http://www.w3.org/2000/svg"" viewBox=""0 0 80 40""><metadata><sfw xmlns=""http://ns.adobe.com/SaveForWeb/1.0/""><slicesourcebounds y=""-8160"" x=""-8165"" width=""16389"" height=""16384"" bottomleftorigin=""true""></slicesourcebounds><optimizationsettings><targetsettings targetsettingsid=""0"" fileformat=""PNG24Format""><png24format transparency=""true"" filtered=""false"" interlaced=""false"" nomattecolor=""false"" mattecolor=""#FFFFFF""></png24format></targetsettings></optimizationsettings></sfw></metadata><title>(le lien est externe)</title><path d=""M48 26c-1.1 0-2 0.9-2 2v26H10V18h26c1.1 0 2-0.9 2-2s-0.9-2-2-2H8c-1.1 0-2 0.9-2 2v40c0 1.1 0.9 2 2 2h40c1.1 0 2-0.9 2-2V28C50 26.9 49.1 26 48 26z""></path><path d=""M56 6H44c-1.1 0-2 0.9-2 2s0.9 2 2 2h7.2L30.6 30.6c-0.8 0.8-0.8 2 0 2.8C31 33.8 31.5 34 32 34s1-0.2 1.4-0.6L54 12.8V20c0 1.1 0.9 2 2 2s2-0.9 2-2V8C58 6.9 57.1 6 56 6z""></path></svg></a>
  ","Bibliothèque des Minoteries
Rue des Minoteries 3
1205 Genève
Site web de la Bibliothèque des Minoteries"
"Conversation au Salon : suivons les traces coloniales dans nos villes","Jeudi 21 novembre, 12h15","https://www.geneve.ch/agenda/conversation-salon-suivons-traces-coloniales-villes","CHF 0.-","<div class=""legende"">
      <h2>
      <a href=""/musee-ethnographie-geneve-meg"" class=""legende__titre gras sous-ligne"">Musée d'ethnographie de Genève (MEG)</a>
    </h2>
    <p>Boulevard Carl-VOGT 65<br>1205 Genève<br><br><br>Tél. +41 22 418 45 50<br>Fax +41 22 418 45 51<br><a href=""mailto:meg@ville-ge.ch"">meg@ville-ge.ch</a><br><a href=""http://www.meg-geneve.ch "" class=""ext"" data-extlink="""" title=""(Nouvelle fenêtre)"" target=""_blank"" rel=""noopener"">Site web du MEG<svg focusable=""false"" class=""ext"" role=""img"" aria-label=""(le lien est externe)"" xmlns=""http://www.w3.org/2000/svg"" viewBox=""0 0 80 40""><metadata><sfw xmlns=""http://ns.adobe.com/SaveForWeb/1.0/""><slicesourcebounds y=""-8160"" x=""-8165"" width=""16389"" height=""16384"" bottomleftorigin=""true""></slicesourcebounds><optimizationsettings><targetsettings targetsettingsid=""0"" fileformat=""PNG24Format""><png24format transparency=""true"" filtered=""false"" interlaced=""false"" nomattecolor=""false"" mattecolor=""#FFFFFF""></png24format></targetsettings></optimizationsettings></sfw></metadata><title>(le lien est externe)</title><path d=""M48 26c-1.1 0-2 0.9-2 2v26H10V18h26c1.1 0 2-0.9 2-2s-0.9-2-2-2H8c-1.1 0-2 0.9-2 2v40c0 1.1 0.9 2 2 2h40c1.1 0 2-0.9 2-2V28C50 26.9 49.1 26 48 26z""></path><path d=""M56 6H44c-1.1 0-2 0.9-2 2s0.9 2 2 2h7.2L30.6 30.6c-0.8 0.8-0.8 2 0 2.8C31 33.8 31.5 34 32 34s1-0.2 1.4-0.6L54 12.8V20c0 1.1 0.9 2 2 2s2-0.9 2-2V8C58 6.9 57.1 6 56 6z""></path></svg></a></p>
  <a href=""mailto:"" class=""legende__mail""></a>
      <a href=""https://www.google.com/maps/@46.197821765993,6.136767883006,15z"" class=""legende__bouton-plan bouton primaire ext"" data-extlink="""" title=""(Nouvelle fenêtre)"" target=""_blank"" rel=""noopener"">
      <i aria-hidden=""true"" class=""fas fa-map-marker-alt""></i>
      Voir sur le plan
    <svg focusable=""false"" class=""ext"" role=""img"" aria-label=""(le lien est externe)"" xmlns=""http://www.w3.org/2000/svg"" viewBox=""0 0 80 40""><metadata><sfw xmlns=""http://ns.adobe.com/SaveForWeb/1.0/""><slicesourcebounds y=""-8160"" x=""-8165"" width=""16389"" height=""16384"" bottomleftorigin=""true""></slicesourcebounds><optimizationsettings><targetsettings targetsettingsid=""0"" fileformat=""PNG24Format""><png24format transparency=""true"" filtered=""false"" interlaced=""false"" nomattecolor=""false"" mattecolor=""#FFFFFF""></png24format></targetsettings></optimizationsettings></sfw></metadata><title>(le lien est externe)</title><path d=""M48 26c-1.1 0-2 0.9-2 2v26H10V18h26c1.1 0 2-0.9 2-2s-0.9-2-2-2H8c-1.1 0-2 0.9-2 2v40c0 1.1 0.9 2 2 2h40c1.1 0 2-0.9 2-2V28C50 26.9 49.1 26 48 26z""></path><path d=""M56 6H44c-1.1 0-2 0.9-2 2s0.9 2 2 2h7.2L30.6 30.6c-0.8 0.8-0.8 2 0 2.8C31 33.8 31.5 34 32 34s1-0.2 1.4-0.6L54 12.8V20c0 1.1 0.9 2 2 2s2-0.9 2-2V8C58 6.9 57.1 6 56 6z""></path></svg></a>
  </div>","
      <h2>
      <a href=""/musee-ethnographie-geneve-meg"" class=""legende__titre gras sous-ligne"">Musée d'ethnographie de Genève (MEG)</a>
    </h2>
    <p>Boulevard Carl-VOGT 65<br>1205 Genève<br><br><br>Tél. +41 22 418 45 50<br>Fax +41 22 418 45 51<br><a href=""mailto:meg@ville-ge.ch"">meg@ville-ge.ch</a><br><a href=""http://www.meg-geneve.ch "" class=""ext"" data-extlink="""" title=""(Nouvelle fenêtre)"" target=""_blank"" rel=""noopener"">Site web du MEG<svg focusable=""false"" class=""ext"" role=""img"" aria-label=""(le lien est externe)"" xmlns=""http://www.w3.org/2000/svg"" viewBox=""0 0 80 40""><metadata><sfw xmlns=""http://ns.adobe.com/SaveForWeb/1.0/""><slicesourcebounds y=""-8160"" x=""-8165"" width=""16389"" height=""16384"" bottomleftorigin=""true""></slicesourcebounds><optimizationsettings><targetsettings targetsettingsid=""0"" fileformat=""PNG24Format""><png24format transparency=""true"" filtered=""false"" interlaced=""false"" nomattecolor=""false"" mattecolor=""#FFFFFF""></png24format></targetsettings></optimizationsettings></sfw></metadata><title>(le lien est externe)</title><path d=""M48 26c-1.1 0-2 0.9-2 2v26H10V18h26c1.1 0 2-0.9 2-2s-0.9-2-2-2H8c-1.1 0-2 0.9-2 2v40c0 1.1 0.9 2 2 2h40c1.1 0 2-0.9 2-2V28C50 26.9 49.1 26 48 26z""></path><path d=""M56 6H44c-1.1 0-2 0.9-2 2s0.9 2 2 2h7.2L30.6 30.6c-0.8 0.8-0.8 2 0 2.8C31 33.8 31.5 34 32 34s1-0.2 1.4-0.6L54 12.8V20c0 1.1 0.9 2 2 2s2-0.9 2-2V8C58 6.9 57.1 6 56 6z""></path></svg></a></p>
  <a href=""mailto:"" class=""legende__mail""></a>
      <a href=""https://www.google.com/maps/@46.197821765993,6.136767883006,15z"" class=""legende__bouton-plan bouton primaire ext"" data-extlink="""" title=""(Nouvelle fenêtre)"" target=""_blank"" rel=""noopener"">
      <i aria-hidden=""true"" class=""fas fa-map-marker-alt""></i>
      Voir sur le plan
    <svg focusable=""false"" class=""ext"" role=""img"" aria-label=""(le lien est externe)"" xmlns=""http://www.w3.org/2000/svg"" viewBox=""0 0 80 40""><metadata><sfw xmlns=""http://ns.adobe.com/SaveForWeb/1.0/""><slicesourcebounds y=""-8160"" x=""-8165"" width=""16389"" height=""16384"" bottomleftorigin=""true""></slicesourcebounds><optimizationsettings><targetsettings targetsettingsid=""0"" fileformat=""PNG24Format""><png24format transparency=""true"" filtered=""false"" interlaced=""false"" nomattecolor=""false"" mattecolor=""#FFFFFF""></png24format></targetsettings></optimizationsettings></sfw></metadata><title>(le lien est externe)</title><path d=""M48 26c-1.1 0-2 0.9-2 2v26H10V18h26c1.1 0 2-0.9 2-2s-0.9-2-2-2H8c-1.1 0-2 0.9-2 2v40c0 1.1 0.9 2 2 2h40c1.1 0 2-0.9 2-2V28C50 26.9 49.1 26 48 26z""></path><path d=""M56 6H44c-1.1 0-2 0.9-2 2s0.9 2 2 2h7.2L30.6 30.6c-0.8 0.8-0.8 2 0 2.8C31 33.8 31.5 34 32 34s1-0.2 1.4-0.6L54 12.8V20c0 1.1 0.9 2 2 2s2-0.9 2-2V8C58 6.9 57.1 6 56 6z""></path></svg></a>
  ","Musée d'ethnographie de Genève (MEG)
Boulevard Carl-VOGT 65
1205 Genève
Tél. +41 22 418 45 50
Fax +41 22 418 45 51
meg@ville-ge.ch
Site web du MEG"
"Table ronde - Crise climatique et accroissement des inégalités : soutenir le Sud ? repenser le Nord ?","Jeudi 21 novembre, 12h30","https://www.geneve.ch/agenda/table-ronde-crise-climatique-accroissement-inegalites-soutenir-repenser-nord","Gratuit","<div class=""legende"">
      <h2>
      <a href=""/mail"" class=""legende__titre gras sous-ligne"">Uni Mail</a>
    </h2>
    <p>Boulevard du Pont-d'Arve 40<br>1205 Genève<br><br><br><a href=""http://www.unige.ch"" class=""ext"" data-extlink="""" title=""(Nouvelle fenêtre)"" target=""_blank"" rel=""noopener"">Site web de l'Uni Mail<svg focusable=""false"" class=""ext"" role=""img"" aria-label=""(le lien est externe)"" xmlns=""http://www.w3.org/2000/svg"" viewBox=""0 0 80 40""><metadata><sfw xmlns=""http://ns.adobe.com/SaveForWeb/1.0/""><slicesourcebounds y=""-8160"" x=""-8165"" width=""16389"" height=""16384"" bottomleftorigin=""true""></slicesourcebounds><optimizationsettings><targetsettings targetsettingsid=""0"" fileformat=""PNG24Format""><png24format transparency=""true"" filtered=""false"" interlaced=""false"" nomattecolor=""false"" mattecolor=""#FFFFFF""></png24format></targetsettings></optimizationsettings></sfw></metadata><title>(le lien est externe)</title><path d=""M48 26c-1.1 0-2 0.9-2 2v26H10V18h26c1.1 0 2-0.9 2-2s-0.9-2-2-2H8c-1.1 0-2 0.9-2 2v40c0 1.1 0.9 2 2 2h40c1.1 0 2-0.9 2-2V28C50 26.9 49.1 26 48 26z""></path><path d=""M56 6H44c-1.1 0-2 0.9-2 2s0.9 2 2 2h7.2L30.6 30.6c-0.8 0.8-0.8 2 0 2.8C31 33.8 31.5 34 32 34s1-0.2 1.4-0.6L54 12.8V20c0 1.1 0.9 2 2 2s2-0.9 2-2V8C58 6.9 57.1 6 56 6z""></path></svg></a></p>
  <a href=""mailto:"" class=""legende__mail""></a>
      <a href=""https://www.google.com/maps/@46.194738720966,6.1403392492541,15z"" class=""legende__bouton-plan bouton primaire ext"" data-extlink="""" title=""(Nouvelle fenêtre)"" target=""_blank"" rel=""noopener"">
      <i aria-hidden=""true"" class=""fas fa-map-marker-alt""></i>
      Voir sur le plan
    <svg focusable=""false"" class=""ext"" role=""img"" aria-label=""(le lien est externe)"" xmlns=""http://www.w3.org/2000/svg"" viewBox=""0 0 80 40""><metadata><sfw xmlns=""http://ns.adobe.com/SaveForWeb/1.0/""><slicesourcebounds y=""-8160"" x=""-8165"" width=""16389"" height=""16384"" bottomleftorigin=""true""></slicesourcebounds><optimizationsettings><targetsettings targetsettingsid=""0"" fileformat=""PNG24Format""><png24format transparency=""true"" filtered=""false"" interlaced=""false"" nomattecolor=""false"" mattecolor=""#FFFFFF""></png24format></targetsettings></optimizationsettings></sfw></metadata><title>(le lien est externe)</title><path d=""M48 26c-1.1 0-2 0.9-2 2v26H10V18h26c1.1 0 2-0.9 2-2s-0.9-2-2-2H8c-1.1 0-2 0.9-2 2v40c0 1.1 0.9 2 2 2h40c1.1 0 2-0.9 2-2V28C50 26.9 49.1 26 48 26z""></path><path d=""M56 6H44c-1.1 0-2 0.9-2 2s0.9 2 2 2h7.2L30.6 30.6c-0.8 0.8-0.8 2 0 2.8C31 33.8 31.5 34 32 34s1-0.2 1.4-0.6L54 12.8V20c0 1.1 0.9 2 2 2s2-0.9 2-2V8C58 6.9 57.1 6 56 6z""></path></svg></a>
  </div>","
      <h2>
      <a href=""/mail"" class=""legende__titre gras sous-ligne"">Uni Mail</a>
    </h2>
    <p>Boulevard du Pont-d'Arve 40<br>1205 Genève<br><br><br><a href=""http://www.unige.ch"" class=""ext"" data-extlink="""" title=""(Nouvelle fenêtre)"" target=""_blank"" rel=""noopener"">Site web de l'Uni Mail<svg focusable=""false"" class=""ext"" role=""img"" aria-label=""(le lien est externe)"" xmlns=""http://www.w3.org/2000/svg"" viewBox=""0 0 80 40""><metadata><sfw xmlns=""http://ns.adobe.com/SaveForWeb/1.0/""><slicesourcebounds y=""-8160"" x=""-8165"" width=""16389"" height=""16384"" bottomleftorigin=""true""></slicesourcebounds><optimizationsettings><targetsettings targetsettingsid=""0"" fileformat=""PNG24Format""><png24format transparency=""true"" filtered=""false"" interlaced=""false"" nomattecolor=""false"" mattecolor=""#FFFFFF""></png24format></targetsettings></optimizationsettings></sfw></metadata><title>(le lien est externe)</title><path d=""M48 26c-1.1 0-2 0.9-2 2v26H10V18h26c1.1 0 2-0.9 2-2s-0.9-2-2-2H8c-1.1 0-2 0.9-2 2v40c0 1.1 0.9 2 2 2h40c1.1 0 2-0.9 2-2V28C50 26.9 49.1 26 48 26z""></path><path d=""M56 6H44c-1.1 0-2 0.9-2 2s0.9 2 2 2h7.2L30.6 30.6c-0.8 0.8-0.8 2 0 2.8C31 33.8 31.5 34 32 34s1-0.2 1.4-0.6L54 12.8V20c0 1.1 0.9 2 2 2s2-0.9 2-2V8C58 6.9 57.1 6 56 6z""></path></svg></a></p>
  <a href=""mailto:"" class=""legende__mail""></a>
      <a href=""https://www.google.com/maps/@46.194738720966,6.1403392492541,15z"" class=""legende__bouton-plan bouton primaire ext"" data-extlink="""" title=""(Nouvelle fenêtre)"" target=""_blank"" rel=""noopener"">
      <i aria-hidden=""true"" class=""fas fa-map-marker-alt""></i>
      Voir sur le plan
    <svg focusable=""false"" class=""ext"" role=""img"" aria-label=""(le lien est externe)"" xmlns=""http://www.w3.org/2000/svg"" viewBox=""0 0 80 40""><metadata><sfw xmlns=""http://ns.adobe.com/SaveForWeb/1.0/""><slicesourcebounds y=""-8160"" x=""-8165"" width=""16389"" height=""16384"" bottomleftorigin=""true""></slicesourcebounds><optimizationsettings><targetsettings targetsettingsid=""0"" fileformat=""PNG24Format""><png24format transparency=""true"" filtered=""false"" interlaced=""false"" nomattecolor=""false"" mattecolor=""#FFFFFF""></png24format></targetsettings></optimizationsettings></sfw></metadata><title>(le lien est externe)</title><path d=""M48 26c-1.1 0-2 0.9-2 2v26H10V18h26c1.1 0 2-0.9 2-2s-0.9-2-2-2H8c-1.1 0-2 0.9-2 2v40c0 1.1 0.9 2 2 2h40c1.1 0 2-0.9 2-2V28C50 26.9 49.1 26 48 26z""></path><path d=""M56 6H44c-1.1 0-2 0.9-2 2s0.9 2 2 2h7.2L30.6 30.6c-0.8 0.8-0.8 2 0 2.8C31 33.8 31.5 34 32 34s1-0.2 1.4-0.6L54 12.8V20c0 1.1 0.9 2 2 2s2-0.9 2-2V8C58 6.9 57.1 6 56 6z""></path></svg></a>
  ","Uni Mail
Boulevard du Pont-d'Arve 40
1205 Genève
Site web de l'Uni Mail"
"Visites guidées de l'exposition ""EnVIE!""","jusqu'au 21 novembre","https://www.geneve.ch/agenda/visites-guidees-exposition-envie","CHF 0.-","","",""
"Atelier d' adaptation au changement climatique / Mission Genève durable","Jeudi 21 novembre, 14h30","https://www.geneve.ch/agenda/atelier-adaptation-changement-climatique-mission-geneve-durable","Prix libre et en conscience","","",""
"Ciné-relax X FILMARCITO: Un costume pour Nicolás","Jeudi 21 novembre, 11h","https://www.geneve.ch/agenda/cine-relax-filmarcito-costume-nicolas","CHF 0.-","<div class=""legende"">
      <h2>
      <a href=""/musee-ethnographie-geneve-meg"" class=""legende__titre gras sous-ligne"">Musée d'ethnographie de Genève (MEG)</a>
    </h2>
    <p>Boulevard Carl-VOGT 65<br>1205 Genève<br><br><br>Tél. +41 22 418 45 50<br>Fax +41 22 418 45 51<br><a href=""mailto:meg@ville-ge.ch"">meg@ville-ge.ch</a><br><a href=""http://www.meg-geneve.ch "" class=""ext"" data-extlink="""" title=""(Nouvelle fenêtre)"" target=""_blank"" rel=""noopener"">Site web du MEG<svg focusable=""false"" class=""ext"" role=""img"" aria-label=""(le lien est externe)"" xmlns=""http://www.w3.org/2000/svg"" viewBox=""0 0 80 40""><metadata><sfw xmlns=""http://ns.adobe.com/SaveForWeb/1.0/""><slicesourcebounds y=""-8160"" x=""-8165"" width=""16389"" height=""16384"" bottomleftorigin=""true""></slicesourcebounds><optimizationsettings><targetsettings targetsettingsid=""0"" fileformat=""PNG24Format""><png24format transparency=""true"" filtered=""false"" interlaced=""false"" nomattecolor=""false"" mattecolor=""#FFFFFF""></png24format></targetsettings></optimizationsettings></sfw></metadata><title>(le lien est externe)</title><path d=""M48 26c-1.1 0-2 0.9-2 2v26H10V18h26c1.1 0 2-0.9 2-2s-0.9-2-2-2H8c-1.1 0-2 0.9-2 2v40c0 1.1 0.9 2 2 2h40c1.1 0 2-0.9 2-2V28C50 26.9 49.1 26 48 26z""></path><path d=""M56 6H44c-1.1 0-2 0.9-2 2s0.9 2 2 2h7.2L30.6 30.6c-0.8 0.8-0.8 2 0 2.8C31 33.8 31.5 34 32 34s1-0.2 1.4-0.6L54 12.8V20c0 1.1 0.9 2 2 2s2-0.9 2-2V8C58 6.9 57.1 6 56 6z""></path></svg></a></p>
  <a href=""mailto:"" class=""legende__mail""></a>
      <a href=""https://www.google.com/maps/@46.197821765993,6.136767883006,15z"" class=""legende__bouton-plan bouton primaire ext"" data-extlink="""" title=""(Nouvelle fenêtre)"" target=""_blank"" rel=""noopener"">
      <i aria-hidden=""true"" class=""fas fa-map-marker-alt""></i>
      Voir sur le plan
    <svg focusable=""false"" class=""ext"" role=""img"" aria-label=""(le lien est externe)"" xmlns=""http://www.w3.org/2000/svg"" viewBox=""0 0 80 40""><metadata><sfw xmlns=""http://ns.adobe.com/SaveForWeb/1.0/""><slicesourcebounds y=""-8160"" x=""-8165"" width=""16389"" height=""16384"" bottomleftorigin=""true""></slicesourcebounds><optimizationsettings><targetsettings targetsettingsid=""0"" fileformat=""PNG24Format""><png24format transparency=""true"" filtered=""false"" interlaced=""false"" nomattecolor=""false"" mattecolor=""#FFFFFF""></png24format></targetsettings></optimizationsettings></sfw></metadata><title>(le lien est externe)</title><path d=""M48 26c-1.1 0-2 0.9-2 2v26H10V18h26c1.1 0 2-0.9 2-2s-0.9-2-2-2H8c-1.1 0-2 0.9-2 2v40c0 1.1 0.9 2 2 2h40c1.1 0 2-0.9 2-2V28C50 26.9 49.1 26 48 26z""></path><path d=""M56 6H44c-1.1 0-2 0.9-2 2s0.9 2 2 2h7.2L30.6 30.6c-0.8 0.8-0.8 2 0 2.8C31 33.8 31.5 34 32 34s1-0.2 1.4-0.6L54 12.8V20c0 1.1 0.9 2 2 2s2-0.9 2-2V8C58 6.9 57.1 6 56 6z""></path></svg></a>
  </div>","
      <h2>
      <a href=""/musee-ethnographie-geneve-meg"" class=""legende__titre gras sous-ligne"">Musée d'ethnographie de Genève (MEG)</a>
    </h2>
    <p>Boulevard Carl-VOGT 65<br>1205 Genève<br><br><br>Tél. +41 22 418 45 50<br>Fax +41 22 418 45 51<br><a href=""mailto:meg@ville-ge.ch"">meg@ville-ge.ch</a><br><a href=""http://www.meg-geneve.ch "" class=""ext"" data-extlink="""" title=""(Nouvelle fenêtre)"" target=""_blank"" rel=""noopener"">Site web du MEG<svg focusable=""false"" class=""ext"" role=""img"" aria-label=""(le lien est externe)"" xmlns=""http://www.w3.org/2000/svg"" viewBox=""0 0 80 40""><metadata><sfw xmlns=""http://ns.adobe.com/SaveForWeb/1.0/""><slicesourcebounds y=""-8160"" x=""-8165"" width=""16389"" height=""16384"" bottomleftorigin=""true""></slicesourcebounds><optimizationsettings><targetsettings targetsettingsid=""0"" fileformat=""PNG24Format""><png24format transparency=""true"" filtered=""false"" interlaced=""false"" nomattecolor=""false"" mattecolor=""#FFFFFF""></png24format></targetsettings></optimizationsettings></sfw></metadata><title>(le lien est externe)</title><path d=""M48 26c-1.1 0-2 0.9-2 2v26H10V18h26c1.1 0 2-0.9 2-2s-0.9-2-2-2H8c-1.1 0-2 0.9-2 2v40c0 1.1 0.9 2 2 2h40c1.1 0 2-0.9 2-2V28C50 26.9 49.1 26 48 26z""></path><path d=""M56 6H44c-1.1 0-2 0.9-2 2s0.9 2 2 2h7.2L30.6 30.6c-0.8 0.8-0.8 2 0 2.8C31 33.8 31.5 34 32 34s1-0.2 1.4-0.6L54 12.8V20c0 1.1 0.9 2 2 2s2-0.9 2-2V8C58 6.9 57.1 6 56 6z""></path></svg></a></p>
  <a href=""mailto:"" class=""legende__mail""></a>
      <a href=""https://www.google.com/maps/@46.197821765993,6.136767883006,15z"" class=""legende__bouton-plan bouton primaire ext"" data-extlink="""" title=""(Nouvelle fenêtre)"" target=""_blank"" rel=""noopener"">
      <i aria-hidden=""true"" class=""fas fa-map-marker-alt""></i>
      Voir sur le plan
    <svg focusable=""false"" class=""ext"" role=""img"" aria-label=""(le lien est externe)"" xmlns=""http://www.w3.org/2000/svg"" viewBox=""0 0 80 40""><metadata><sfw xmlns=""http://ns.adobe.com/SaveForWeb/1.0/""><slicesourcebounds y=""-8160"" x=""-8165"" width=""16389"" height=""16384"" bottomleftorigin=""true""></slicesourcebounds><optimizationsettings><targetsettings targetsettingsid=""0"" fileformat=""PNG24Format""><png24format transparency=""true"" filtered=""false"" interlaced=""false"" nomattecolor=""false"" mattecolor=""#FFFFFF""></png24format></targetsettings></optimizationsettings></sfw></metadata><title>(le lien est externe)</title><path d=""M48 26c-1.1 0-2 0.9-2 2v26H10V18h26c1.1 0 2-0.9 2-2s-0.9-2-2-2H8c-1.1 0-2 0.9-2 2v40c0 1.1 0.9 2 2 2h40c1.1 0 2-0.9 2-2V28C50 26.9 49.1 26 48 26z""></path><path d=""M56 6H44c-1.1 0-2 0.9-2 2s0.9 2 2 2h7.2L30.6 30.6c-0.8 0.8-0.8 2 0 2.8C31 33.8 31.5 34 32 34s1-0.2 1.4-0.6L54 12.8V20c0 1.1 0.9 2 2 2s2-0.9 2-2V8C58 6.9 57.1 6 56 6z""></path></svg></a>
  ","Musée d'ethnographie de Genève (MEG)
Boulevard Carl-VOGT 65
1205 Genève
Tél. +41 22 418 45 50
Fax +41 22 418 45 51
meg@ville-ge.ch
Site web du MEG"
"Élargir les autoroutes, le salut ou l’impasse?","Jeudi 21 novembre, 12h30","https://www.geneve.ch/agenda/elargir-autoroutes-salut-impasse","Gratuit","<div class=""legende"">
      <h2>
      <a href=""/mail"" class=""legende__titre gras sous-ligne"">Uni Mail</a>
    </h2>
    <p>Boulevard du Pont-d'Arve 40<br>1205 Genève<br><br><br><a href=""http://www.unige.ch"" class=""ext"" data-extlink="""" title=""(Nouvelle fenêtre)"" target=""_blank"" rel=""noopener"">Site web de l'Uni Mail<svg focusable=""false"" class=""ext"" role=""img"" aria-label=""(le lien est externe)"" xmlns=""http://www.w3.org/2000/svg"" viewBox=""0 0 80 40""><metadata><sfw xmlns=""http://ns.adobe.com/SaveForWeb/1.0/""><slicesourcebounds y=""-8160"" x=""-8165"" width=""16389"" height=""16384"" bottomleftorigin=""true""></slicesourcebounds><optimizationsettings><targetsettings targetsettingsid=""0"" fileformat=""PNG24Format""><png24format transparency=""true"" filtered=""false"" interlaced=""false"" nomattecolor=""false"" mattecolor=""#FFFFFF""></png24format></targetsettings></optimizationsettings></sfw></metadata><title>(le lien est externe)</title><path d=""M48 26c-1.1 0-2 0.9-2 2v26H10V18h26c1.1 0 2-0.9 2-2s-0.9-2-2-2H8c-1.1 0-2 0.9-2 2v40c0 1.1 0.9 2 2 2h40c1.1 0 2-0.9 2-2V28C50 26.9 49.1 26 48 26z""></path><path d=""M56 6H44c-1.1 0-2 0.9-2 2s0.9 2 2 2h7.2L30.6 30.6c-0.8 0.8-0.8 2 0 2.8C31 33.8 31.5 34 32 34s1-0.2 1.4-0.6L54 12.8V20c0 1.1 0.9 2 2 2s2-0.9 2-2V8C58 6.9 57.1 6 56 6z""></path></svg></a></p>
  <a href=""mailto:"" class=""legende__mail""></a>
      <a href=""https://www.google.com/maps/@46.194738720966,6.1403392492541,15z"" class=""legende__bouton-plan bouton primaire ext"" data-extlink="""" title=""(Nouvelle fenêtre)"" target=""_blank"" rel=""noopener"">
      <i aria-hidden=""true"" class=""fas fa-map-marker-alt""></i>
      Voir sur le plan
    <svg focusable=""false"" class=""ext"" role=""img"" aria-label=""(le lien est externe)"" xmlns=""http://www.w3.org/2000/svg"" viewBox=""0 0 80 40""><metadata><sfw xmlns=""http://ns.adobe.com/SaveForWeb/1.0/""><slicesourcebounds y=""-8160"" x=""-8165"" width=""16389"" height=""16384"" bottomleftorigin=""true""></slicesourcebounds><optimizationsettings><targetsettings targetsettingsid=""0"" fileformat=""PNG24Format""><png24format transparency=""true"" filtered=""false"" interlaced=""false"" nomattecolor=""false"" mattecolor=""#FFFFFF""></png24format></targetsettings></optimizationsettings></sfw></metadata><title>(le lien est externe)</title><path d=""M48 26c-1.1 0-2 0.9-2 2v26H10V18h26c1.1 0 2-0.9 2-2s-0.9-2-2-2H8c-1.1 0-2 0.9-2 2v40c0 1.1 0.9 2 2 2h40c1.1 0 2-0.9 2-2V28C50 26.9 49.1 26 48 26z""></path><path d=""M56 6H44c-1.1 0-2 0.9-2 2s0.9 2 2 2h7.2L30.6 30.6c-0.8 0.8-0.8 2 0 2.8C31 33.8 31.5 34 32 34s1-0.2 1.4-0.6L54 12.8V20c0 1.1 0.9 2 2 2s2-0.9 2-2V8C58 6.9 57.1 6 56 6z""></path></svg></a>
  </div>","
      <h2>
      <a href=""/mail"" class=""legende__titre gras sous-ligne"">Uni Mail</a>
    </h2>
    <p>Boulevard du Pont-d'Arve 40<br>1205 Genève<br><br><br><a href=""http://www.unige.ch"" class=""ext"" data-extlink="""" title=""(Nouvelle fenêtre)"" target=""_blank"" rel=""noopener"">Site web de l'Uni Mail<svg focusable=""false"" class=""ext"" role=""img"" aria-label=""(le lien est externe)"" xmlns=""http://www.w3.org/2000/svg"" viewBox=""0 0 80 40""><metadata><sfw xmlns=""http://ns.adobe.com/SaveForWeb/1.0/""><slicesourcebounds y=""-8160"" x=""-8165"" width=""16389"" height=""16384"" bottomleftorigin=""true""></slicesourcebounds><optimizationsettings><targetsettings targetsettingsid=""0"" fileformat=""PNG24Format""><png24format transparency=""true"" filtered=""false"" interlaced=""false"" nomattecolor=""false"" mattecolor=""#FFFFFF""></png24format></targetsettings></optimizationsettings></sfw></metadata><title>(le lien est externe)</title><path d=""M48 26c-1.1 0-2 0.9-2 2v26H10V18h26c1.1 0 2-0.9 2-2s-0.9-2-2-2H8c-1.1 0-2 0.9-2 2v40c0 1.1 0.9 2 2 2h40c1.1 0 2-0.9 2-2V28C50 26.9 49.1 26 48 26z""></path><path d=""M56 6H44c-1.1 0-2 0.9-2 2s0.9 2 2 2h7.2L30.6 30.6c-0.8 0.8-0.8 2 0 2.8C31 33.8 31.5 34 32 34s1-0.2 1.4-0.6L54 12.8V20c0 1.1 0.9 2 2 2s2-0.9 2-2V8C58 6.9 57.1 6 56 6z""></path></svg></a></p>
  <a href=""mailto:"" class=""legende__mail""></a>
      <a href=""https://www.google.com/maps/@46.194738720966,6.1403392492541,15z"" class=""legende__bouton-plan bouton primaire ext"" data-extlink="""" title=""(Nouvelle fenêtre)"" target=""_blank"" rel=""noopener"">
      <i aria-hidden=""true"" class=""fas fa-map-marker-alt""></i>
      Voir sur le plan
    <svg focusable=""false"" class=""ext"" role=""img"" aria-label=""(le lien est externe)"" xmlns=""http://www.w3.org/2000/svg"" viewBox=""0 0 80 40""><metadata><sfw xmlns=""http://ns.adobe.com/SaveForWeb/1.0/""><slicesourcebounds y=""-8160"" x=""-8165"" width=""16389"" height=""16384"" bottomleftorigin=""true""></slicesourcebounds><optimizationsettings><targetsettings targetsettingsid=""0"" fileformat=""PNG24Format""><png24format transparency=""true"" filtered=""false"" interlaced=""false"" nomattecolor=""false"" mattecolor=""#FFFFFF""></png24format></targetsettings></optimizationsettings></sfw></metadata><title>(le lien est externe)</title><path d=""M48 26c-1.1 0-2 0.9-2 2v26H10V18h26c1.1 0 2-0.9 2-2s-0.9-2-2-2H8c-1.1 0-2 0.9-2 2v40c0 1.1 0.9 2 2 2h40c1.1 0 2-0.9 2-2V28C50 26.9 49.1 26 48 26z""></path><path d=""M56 6H44c-1.1 0-2 0.9-2 2s0.9 2 2 2h7.2L30.6 30.6c-0.8 0.8-0.8 2 0 2.8C31 33.8 31.5 34 32 34s1-0.2 1.4-0.6L54 12.8V20c0 1.1 0.9 2 2 2s2-0.9 2-2V8C58 6.9 57.1 6 56 6z""></path></svg></a>
  ","Uni Mail
Boulevard du Pont-d'Arve 40
1205 Genève
Site web de l'Uni Mail"
"Comment sont représentées les victimes de violences dans les médias?","Jeudi 21 novembre, 12h30","https://www.geneve.ch/agenda/representees-victimes-violences-medias","Gratuit","","",""
"Annulé - Atelier de création de podcast: Mémoires, musées et racisme.","jusqu'au 21 novembre","https://www.geneve.ch/agenda/atelier-creation-podcast-memoires-musees-racisme","CHF 0.-","<div class=""legende"">
      <h2>
      <a href=""/musee-ethnographie-geneve-meg"" class=""legende__titre gras sous-ligne"">Musée d'ethnographie de Genève (MEG)</a>
    </h2>
    <p>Boulevard Carl-VOGT 65<br>1205 Genève<br><br><br>Tél. +41 22 418 45 50<br>Fax +41 22 418 45 51<br><a href=""mailto:meg@ville-ge.ch"">meg@ville-ge.ch</a><br><a href=""http://www.meg-geneve.ch "" class=""ext"" data-extlink="""" title=""(Nouvelle fenêtre)"" target=""_blank"" rel=""noopener"">Site web du MEG<svg focusable=""false"" class=""ext"" role=""img"" aria-label=""(le lien est externe)"" xmlns=""http://www.w3.org/2000/svg"" viewBox=""0 0 80 40""><metadata><sfw xmlns=""http://ns.adobe.com/SaveForWeb/1.0/""><slicesourcebounds y=""-8160"" x=""-8165"" width=""16389"" height=""16384"" bottomleftorigin=""true""></slicesourcebounds><optimizationsettings><targetsettings targetsettingsid=""0"" fileformat=""PNG24Format""><png24format transparency=""true"" filtered=""false"" interlaced=""false"" nomattecolor=""false"" mattecolor=""#FFFFFF""></png24format></targetsettings></optimizationsettings></sfw></metadata><title>(le lien est externe)</title><path d=""M48 26c-1.1 0-2 0.9-2 2v26H10V18h26c1.1 0 2-0.9 2-2s-0.9-2-2-2H8c-1.1 0-2 0.9-2 2v40c0 1.1 0.9 2 2 2h40c1.1 0 2-0.9 2-2V28C50 26.9 49.1 26 48 26z""></path><path d=""M56 6H44c-1.1 0-2 0.9-2 2s0.9 2 2 2h7.2L30.6 30.6c-0.8 0.8-0.8 2 0 2.8C31 33.8 31.5 34 32 34s1-0.2 1.4-0.6L54 12.8V20c0 1.1 0.9 2 2 2s2-0.9 2-2V8C58 6.9 57.1 6 56 6z""></path></svg></a></p>
  <a href=""mailto:"" class=""legende__mail""></a>
      <a href=""https://www.google.com/maps/@46.197821765993,6.136767883006,15z"" class=""legende__bouton-plan bouton primaire ext"" data-extlink="""" title=""(Nouvelle fenêtre)"" target=""_blank"" rel=""noopener"">
      <i aria-hidden=""true"" class=""fas fa-map-marker-alt""></i>
      Voir sur le plan
    <svg focusable=""false"" class=""ext"" role=""img"" aria-label=""(le lien est externe)"" xmlns=""http://www.w3.org/2000/svg"" viewBox=""0 0 80 40""><metadata><sfw xmlns=""http://ns.adobe.com/SaveForWeb/1.0/""><slicesourcebounds y=""-8160"" x=""-8165"" width=""16389"" height=""16384"" bottomleftorigin=""true""></slicesourcebounds><optimizationsettings><targetsettings targetsettingsid=""0"" fileformat=""PNG24Format""><png24format transparency=""true"" filtered=""false"" interlaced=""false"" nomattecolor=""false"" mattecolor=""#FFFFFF""></png24format></targetsettings></optimizationsettings></sfw></metadata><title>(le lien est externe)</title><path d=""M48 26c-1.1 0-2 0.9-2 2v26H10V18h26c1.1 0 2-0.9 2-2s-0.9-2-2-2H8c-1.1 0-2 0.9-2 2v40c0 1.1 0.9 2 2 2h40c1.1 0 2-0.9 2-2V28C50 26.9 49.1 26 48 26z""></path><path d=""M56 6H44c-1.1 0-2 0.9-2 2s0.9 2 2 2h7.2L30.6 30.6c-0.8 0.8-0.8 2 0 2.8C31 33.8 31.5 34 32 34s1-0.2 1.4-0.6L54 12.8V20c0 1.1 0.9 2 2 2s2-0.9 2-2V8C58 6.9 57.1 6 56 6z""></path></svg></a>
  </div>","
      <h2>
      <a href=""/musee-ethnographie-geneve-meg"" class=""legende__titre gras sous-ligne"">Musée d'ethnographie de Genève (MEG)</a>
    </h2>
    <p>Boulevard Carl-VOGT 65<br>1205 Genève<br><br><br>Tél. +41 22 418 45 50<br>Fax +41 22 418 45 51<br><a href=""mailto:meg@ville-ge.ch"">meg@ville-ge.ch</a><br><a href=""http://www.meg-geneve.ch "" class=""ext"" data-extlink="""" title=""(Nouvelle fenêtre)"" target=""_blank"" rel=""noopener"">Site web du MEG<svg focusable=""false"" class=""ext"" role=""img"" aria-label=""(le lien est externe)"" xmlns=""http://www.w3.org/2000/svg"" viewBox=""0 0 80 40""><metadata><sfw xmlns=""http://ns.adobe.com/SaveForWeb/1.0/""><slicesourcebounds y=""-8160"" x=""-8165"" width=""16389"" height=""16384"" bottomleftorigin=""true""></slicesourcebounds><optimizationsettings><targetsettings targetsettingsid=""0"" fileformat=""PNG24Format""><png24format transparency=""true"" filtered=""false"" interlaced=""false"" nomattecolor=""false"" mattecolor=""#FFFFFF""></png24format></targetsettings></optimizationsettings></sfw></metadata><title>(le lien est externe)</title><path d=""M48 26c-1.1 0-2 0.9-2 2v26H10V18h26c1.1 0 2-0.9 2-2s-0.9-2-2-2H8c-1.1 0-2 0.9-2 2v40c0 1.1 0.9 2 2 2h40c1.1 0 2-0.9 2-2V28C50 26.9 49.1 26 48 26z""></path><path d=""M56 6H44c-1.1 0-2 0.9-2 2s0.9 2 2 2h7.2L30.6 30.6c-0.8 0.8-0.8 2 0 2.8C31 33.8 31.5 34 32 34s1-0.2 1.4-0.6L54 12.8V20c0 1.1 0.9 2 2 2s2-0.9 2-2V8C58 6.9 57.1 6 56 6z""></path></svg></a></p>
  <a href=""mailto:"" class=""legende__mail""></a>
      <a href=""https://www.google.com/maps/@46.197821765993,6.136767883006,15z"" class=""legende__bouton-plan bouton primaire ext"" data-extlink="""" title=""(Nouvelle fenêtre)"" target=""_blank"" rel=""noopener"">
      <i aria-hidden=""true"" class=""fas fa-map-marker-alt""></i>
      Voir sur le plan
    <svg focusable=""false"" class=""ext"" role=""img"" aria-label=""(le lien est externe)"" xmlns=""http://www.w3.org/2000/svg"" viewBox=""0 0 80 40""><metadata><sfw xmlns=""http://ns.adobe.com/SaveForWeb/1.0/""><slicesourcebounds y=""-8160"" x=""-8165"" width=""16389"" height=""16384"" bottomleftorigin=""true""></slicesourcebounds><optimizationsettings><targetsettings targetsettingsid=""0"" fileformat=""PNG24Format""><png24format transparency=""true"" filtered=""false"" interlaced=""false"" nomattecolor=""false"" mattecolor=""#FFFFFF""></png24format></targetsettings></optimizationsettings></sfw></metadata><title>(le lien est externe)</title><path d=""M48 26c-1.1 0-2 0.9-2 2v26H10V18h26c1.1 0 2-0.9 2-2s-0.9-2-2-2H8c-1.1 0-2 0.9-2 2v40c0 1.1 0.9 2 2 2h40c1.1 0 2-0.9 2-2V28C50 26.9 49.1 26 48 26z""></path><path d=""M56 6H44c-1.1 0-2 0.9-2 2s0.9 2 2 2h7.2L30.6 30.6c-0.8 0.8-0.8 2 0 2.8C31 33.8 31.5 34 32 34s1-0.2 1.4-0.6L54 12.8V20c0 1.1 0.9 2 2 2s2-0.9 2-2V8C58 6.9 57.1 6 56 6z""></path></svg></a>
  ","Musée d'ethnographie de Genève (MEG)
Boulevard Carl-VOGT 65
1205 Genève
Tél. +41 22 418 45 50
Fax +41 22 418 45 51
meg@ville-ge.ch
Site web du MEG"
"Jeu Immersif sur l'alimentation","Jeudi 21 novembre, 16h","https://www.geneve.ch/agenda/immersif-alimentation","Gratuit","<div class=""legende"">
      <h2>
      <a href=""/ludotheque-petit-saconnex"" class=""legende__titre gras sous-ligne"">Ludothèque du Petit-Saconnex</a>
    </h2>
    <p>Chemin des Genêts 14<br>1202 Genève<br>Tél. +41 22 734 32 77<br><a href=""mailto:ludopetitsaconnex@bluewin.ch"">ludopetitsaconnex@bluewin.ch</a></p>
  <a href=""mailto:"" class=""legende__mail""></a>
      <a href=""https://www.google.com/maps/@46.221151252076,6.1325164139515,15z"" class=""legende__bouton-plan bouton primaire ext"" data-extlink="""" title=""(Nouvelle fenêtre)"" target=""_blank"" rel=""noopener"">
      <i aria-hidden=""true"" class=""fas fa-map-marker-alt""></i>
      Voir sur le plan
    <svg focusable=""false"" class=""ext"" role=""img"" aria-label=""(le lien est externe)"" xmlns=""http://www.w3.org/2000/svg"" viewBox=""0 0 80 40""><metadata><sfw xmlns=""http://ns.adobe.com/SaveForWeb/1.0/""><slicesourcebounds y=""-8160"" x=""-8165"" width=""16389"" height=""16384"" bottomleftorigin=""true""></slicesourcebounds><optimizationsettings><targetsettings targetsettingsid=""0"" fileformat=""PNG24Format""><png24format transparency=""true"" filtered=""false"" interlaced=""false"" nomattecolor=""false"" mattecolor=""#FFFFFF""></png24format></targetsettings></optimizationsettings></sfw></metadata><title>(le lien est externe)</title><path d=""M48 26c-1.1 0-2 0.9-2 2v26H10V18h26c1.1 0 2-0.9 2-2s-0.9-2-2-2H8c-1.1 0-2 0.9-2 2v40c0 1.1 0.9 2 2 2h40c1.1 0 2-0.9 2-2V28C50 26.9 49.1 26 48 26z""></path><path d=""M56 6H44c-1.1 0-2 0.9-2 2s0.9 2 2 2h7.2L30.6 30.6c-0.8 0.8-0.8 2 0 2.8C31 33.8 31.5 34 32 34s1-0.2 1.4-0.6L54 12.8V20c0 1.1 0.9 2 2 2s2-0.9 2-2V8C58 6.9 57.1 6 56 6z""></path></svg></a>
  </div>","
      <h2>
      <a href=""/ludotheque-petit-saconnex"" class=""legende__titre gras sous-ligne"">Ludothèque du Petit-Saconnex</a>
    </h2>
    <p>Chemin des Genêts 14<br>1202 Genève<br>Tél. +41 22 734 32 77<br><a href=""mailto:ludopetitsaconnex@bluewin.ch"">ludopetitsaconnex@bluewin.ch</a></p>
  <a href=""mailto:"" class=""legende__mail""></a>
      <a href=""https://www.google.com/maps/@46.221151252076,6.1325164139515,15z"" class=""legende__bouton-plan bouton primaire ext"" data-extlink="""" title=""(Nouvelle fenêtre)"" target=""_blank"" rel=""noopener"">
      <i aria-hidden=""true"" class=""fas fa-map-marker-alt""></i>
      Voir sur le plan
    <svg focusable=""false"" class=""ext"" role=""img"" aria-label=""(le lien est externe)"" xmlns=""http://www.w3.org/2000/svg"" viewBox=""0 0 80 40""><metadata><sfw xmlns=""http://ns.adobe.com/SaveForWeb/1.0/""><slicesourcebounds y=""-8160"" x=""-8165"" width=""16389"" height=""16384"" bottomleftorigin=""true""></slicesourcebounds><optimizationsettings><targetsettings targetsettingsid=""0"" fileformat=""PNG24Format""><png24format transparency=""true"" filtered=""false"" interlaced=""false"" nomattecolor=""false"" mattecolor=""#FFFFFF""></png24format></targetsettings></optimizationsettings></sfw></metadata><title>(le lien est externe)</title><path d=""M48 26c-1.1 0-2 0.9-2 2v26H10V18h26c1.1 0 2-0.9 2-2s-0.9-2-2-2H8c-1.1 0-2 0.9-2 2v40c0 1.1 0.9 2 2 2h40c1.1 0 2-0.9 2-2V28C50 26.9 49.1 26 48 26z""></path><path d=""M56 6H44c-1.1 0-2 0.9-2 2s0.9 2 2 2h7.2L30.6 30.6c-0.8 0.8-0.8 2 0 2.8C31 33.8 31.5 34 32 34s1-0.2 1.4-0.6L54 12.8V20c0 1.1 0.9 2 2 2s2-0.9 2-2V8C58 6.9 57.1 6 56 6z""></path></svg></a>
  ","Ludothèque du Petit-Saconnex
Chemin des Genêts 14
1202 Genève
Tél. +41 22 734 32 77
ludopetitsaconnex@bluewin.ch"
"Atelier réparation de vélo","19 et 21 novembre","https://www.geneve.ch/agenda/atelier-reparation-velo","Gratuit","<div class=""legende"">
      <h2>
      <a href=""/ludotheque-saint-jean"" class=""legende__titre gras sous-ligne"">Ludothèque de Saint-Jean</a>
    </h2>
    <p>Rue de Saint-Jean 12<br>1203 Genève<br><br><br>Tél. +41 22 344 07 00<br><a href=""mailto:ludo-stjean@bluewin.ch"">ludo-stjean@bluewin.ch</a><br><a href=""http://www.ludo-stjean.ch"" class=""ext"" data-extlink="""" title=""(Nouvelle fenêtre)"" target=""_blank"" rel=""noopener"">Site web Ludothèque de Saint-Jean<svg focusable=""false"" class=""ext"" role=""img"" aria-label=""(le lien est externe)"" xmlns=""http://www.w3.org/2000/svg"" viewBox=""0 0 80 40""><metadata><sfw xmlns=""http://ns.adobe.com/SaveForWeb/1.0/""><slicesourcebounds y=""-8160"" x=""-8165"" width=""16389"" height=""16384"" bottomleftorigin=""true""></slicesourcebounds><optimizationsettings><targetsettings targetsettingsid=""0"" fileformat=""PNG24Format""><png24format transparency=""true"" filtered=""false"" interlaced=""false"" nomattecolor=""false"" mattecolor=""#FFFFFF""></png24format></targetsettings></optimizationsettings></sfw></metadata><title>(le lien est externe)</title><path d=""M48 26c-1.1 0-2 0.9-2 2v26H10V18h26c1.1 0 2-0.9 2-2s-0.9-2-2-2H8c-1.1 0-2 0.9-2 2v40c0 1.1 0.9 2 2 2h40c1.1 0 2-0.9 2-2V28C50 26.9 49.1 26 48 26z""></path><path d=""M56 6H44c-1.1 0-2 0.9-2 2s0.9 2 2 2h7.2L30.6 30.6c-0.8 0.8-0.8 2 0 2.8C31 33.8 31.5 34 32 34s1-0.2 1.4-0.6L54 12.8V20c0 1.1 0.9 2 2 2s2-0.9 2-2V8C58 6.9 57.1 6 56 6z""></path></svg></a></p>
  <a href=""mailto:"" class=""legende__mail""></a>
      <a href=""https://www.google.com/maps/@46.204112649803,6.1259612873002,15z"" class=""legende__bouton-plan bouton primaire ext"" data-extlink="""" title=""(Nouvelle fenêtre)"" target=""_blank"" rel=""noopener"">
      <i aria-hidden=""true"" class=""fas fa-map-marker-alt""></i>
      Voir sur le plan
    <svg focusable=""false"" class=""ext"" role=""img"" aria-label=""(le lien est externe)"" xmlns=""http://www.w3.org/2000/svg"" viewBox=""0 0 80 40""><metadata><sfw xmlns=""http://ns.adobe.com/SaveForWeb/1.0/""><slicesourcebounds y=""-8160"" x=""-8165"" width=""16389"" height=""16384"" bottomleftorigin=""true""></slicesourcebounds><optimizationsettings><targetsettings targetsettingsid=""0"" fileformat=""PNG24Format""><png24format transparency=""true"" filtered=""false"" interlaced=""false"" nomattecolor=""false"" mattecolor=""#FFFFFF""></png24format></targetsettings></optimizationsettings></sfw></metadata><title>(le lien est externe)</title><path d=""M48 26c-1.1 0-2 0.9-2 2v26H10V18h26c1.1 0 2-0.9 2-2s-0.9-2-2-2H8c-1.1 0-2 0.9-2 2v40c0 1.1 0.9 2 2 2h40c1.1 0 2-0.9 2-2V28C50 26.9 49.1 26 48 26z""></path><path d=""M56 6H44c-1.1 0-2 0.9-2 2s0.9 2 2 2h7.2L30.6 30.6c-0.8 0.8-0.8 2 0 2.8C31 33.8 31.5 34 32 34s1-0.2 1.4-0.6L54 12.8V20c0 1.1 0.9 2 2 2s2-0.9 2-2V8C58 6.9 57.1 6 56 6z""></path></svg></a>
  </div>","
      <h2>
      <a href=""/ludotheque-saint-jean"" class=""legende__titre gras sous-ligne"">Ludothèque de Saint-Jean</a>
    </h2>
    <p>Rue de Saint-Jean 12<br>1203 Genève<br><br><br>Tél. +41 22 344 07 00<br><a href=""mailto:ludo-stjean@bluewin.ch"">ludo-stjean@bluewin.ch</a><br><a href=""http://www.ludo-stjean.ch"" class=""ext"" data-extlink="""" title=""(Nouvelle fenêtre)"" target=""_blank"" rel=""noopener"">Site web Ludothèque de Saint-Jean<svg focusable=""false"" class=""ext"" role=""img"" aria-label=""(le lien est externe)"" xmlns=""http://www.w3.org/2000/svg"" viewBox=""0 0 80 40""><metadata><sfw xmlns=""http://ns.adobe.com/SaveForWeb/1.0/""><slicesourcebounds y=""-8160"" x=""-8165"" width=""16389"" height=""16384"" bottomleftorigin=""true""></slicesourcebounds><optimizationsettings><targetsettings targetsettingsid=""0"" fileformat=""PNG24Format""><png24format transparency=""true"" filtered=""false"" interlaced=""false"" nomattecolor=""false"" mattecolor=""#FFFFFF""></png24format></targetsettings></optimizationsettings></sfw></metadata><title>(le lien est externe)</title><path d=""M48 26c-1.1 0-2 0.9-2 2v26H10V18h26c1.1 0 2-0.9 2-2s-0.9-2-2-2H8c-1.1 0-2 0.9-2 2v40c0 1.1 0.9 2 2 2h40c1.1 0 2-0.9 2-2V28C50 26.9 49.1 26 48 26z""></path><path d=""M56 6H44c-1.1 0-2 0.9-2 2s0.9 2 2 2h7.2L30.6 30.6c-0.8 0.8-0.8 2 0 2.8C31 33.8 31.5 34 32 34s1-0.2 1.4-0.6L54 12.8V20c0 1.1 0.9 2 2 2s2-0.9 2-2V8C58 6.9 57.1 6 56 6z""></path></svg></a></p>
  <a href=""mailto:"" class=""legende__mail""></a>
      <a href=""https://www.google.com/maps/@46.204112649803,6.1259612873002,15z"" class=""legende__bouton-plan bouton primaire ext"" data-extlink="""" title=""(Nouvelle fenêtre)"" target=""_blank"" rel=""noopener"">
      <i aria-hidden=""true"" class=""fas fa-map-marker-alt""></i>
      Voir sur le plan
    <svg focusable=""false"" class=""ext"" role=""img"" aria-label=""(le lien est externe)"" xmlns=""http://www.w3.org/2000/svg"" viewBox=""0 0 80 40""><metadata><sfw xmlns=""http://ns.adobe.com/SaveForWeb/1.0/""><slicesourcebounds y=""-8160"" x=""-8165"" width=""16389"" height=""16384"" bottomleftorigin=""true""></slicesourcebounds><optimizationsettings><targetsettings targetsettingsid=""0"" fileformat=""PNG24Format""><png24format transparency=""true"" filtered=""false"" interlaced=""false"" nomattecolor=""false"" mattecolor=""#FFFFFF""></png24format></targetsettings></optimizationsettings></sfw></metadata><title>(le lien est externe)</title><path d=""M48 26c-1.1 0-2 0.9-2 2v26H10V18h26c1.1 0 2-0.9 2-2s-0.9-2-2-2H8c-1.1 0-2 0.9-2 2v40c0 1.1 0.9 2 2 2h40c1.1 0 2-0.9 2-2V28C50 26.9 49.1 26 48 26z""></path><path d=""M56 6H44c-1.1 0-2 0.9-2 2s0.9 2 2 2h7.2L30.6 30.6c-0.8 0.8-0.8 2 0 2.8C31 33.8 31.5 34 32 34s1-0.2 1.4-0.6L54 12.8V20c0 1.1 0.9 2 2 2s2-0.9 2-2V8C58 6.9 57.1 6 56 6z""></path></svg></a>
  ","Ludothèque de Saint-Jean
Rue de Saint-Jean 12
1203 Genève
Tél. +41 22 344 07 00
ludo-stjean@bluewin.ch
Site web Ludothèque de Saint-Jean"
"Conférence avec Emma Haziza","Jeudi 21 novembre, 18h30","https://www.geneve.ch/agenda/conference-emma-haziza","Gratuit","<div class=""legende"">
      <h2>
      <a href=""/universite-geneve-dufour"" class=""legende__titre gras sous-ligne"">Université de Genève - Uni Dufour</a>
    </h2>
    <p>Rue du Général-DUFOUR 24<br>1204 Genève<br><br><br><a href=""http://www.unige.ch"" class=""ext"" data-extlink="""" title=""(Nouvelle fenêtre)"" target=""_blank"" rel=""noopener"">Site web de l'Université de Genève<svg focusable=""false"" class=""ext"" role=""img"" aria-label=""(le lien est externe)"" xmlns=""http://www.w3.org/2000/svg"" viewBox=""0 0 80 40""><metadata><sfw xmlns=""http://ns.adobe.com/SaveForWeb/1.0/""><slicesourcebounds y=""-8160"" x=""-8165"" width=""16389"" height=""16384"" bottomleftorigin=""true""></slicesourcebounds><optimizationsettings><targetsettings targetsettingsid=""0"" fileformat=""PNG24Format""><png24format transparency=""true"" filtered=""false"" interlaced=""false"" nomattecolor=""false"" mattecolor=""#FFFFFF""></png24format></targetsettings></optimizationsettings></sfw></metadata><title>(le lien est externe)</title><path d=""M48 26c-1.1 0-2 0.9-2 2v26H10V18h26c1.1 0 2-0.9 2-2s-0.9-2-2-2H8c-1.1 0-2 0.9-2 2v40c0 1.1 0.9 2 2 2h40c1.1 0 2-0.9 2-2V28C50 26.9 49.1 26 48 26z""></path><path d=""M56 6H44c-1.1 0-2 0.9-2 2s0.9 2 2 2h7.2L30.6 30.6c-0.8 0.8-0.8 2 0 2.8C31 33.8 31.5 34 32 34s1-0.2 1.4-0.6L54 12.8V20c0 1.1 0.9 2 2 2s2-0.9 2-2V8C58 6.9 57.1 6 56 6z""></path></svg></a></p>
  <a href=""mailto:"" class=""legende__mail""></a>
      <a href=""https://www.google.com/maps/@46.199806719771,6.1426223384301,15z"" class=""legende__bouton-plan bouton primaire ext"" data-extlink="""" title=""(Nouvelle fenêtre)"" target=""_blank"" rel=""noopener"">
      <i aria-hidden=""true"" class=""fas fa-map-marker-alt""></i>
      Voir sur le plan
    <svg focusable=""false"" class=""ext"" role=""img"" aria-label=""(le lien est externe)"" xmlns=""http://www.w3.org/2000/svg"" viewBox=""0 0 80 40""><metadata><sfw xmlns=""http://ns.adobe.com/SaveForWeb/1.0/""><slicesourcebounds y=""-8160"" x=""-8165"" width=""16389"" height=""16384"" bottomleftorigin=""true""></slicesourcebounds><optimizationsettings><targetsettings targetsettingsid=""0"" fileformat=""PNG24Format""><png24format transparency=""true"" filtered=""false"" interlaced=""false"" nomattecolor=""false"" mattecolor=""#FFFFFF""></png24format></targetsettings></optimizationsettings></sfw></metadata><title>(le lien est externe)</title><path d=""M48 26c-1.1 0-2 0.9-2 2v26H10V18h26c1.1 0 2-0.9 2-2s-0.9-2-2-2H8c-1.1 0-2 0.9-2 2v40c0 1.1 0.9 2 2 2h40c1.1 0 2-0.9 2-2V28C50 26.9 49.1 26 48 26z""></path><path d=""M56 6H44c-1.1 0-2 0.9-2 2s0.9 2 2 2h7.2L30.6 30.6c-0.8 0.8-0.8 2 0 2.8C31 33.8 31.5 34 32 34s1-0.2 1.4-0.6L54 12.8V20c0 1.1 0.9 2 2 2s2-0.9 2-2V8C58 6.9 57.1 6 56 6z""></path></svg></a>
  </div>","
      <h2>
      <a href=""/universite-geneve-dufour"" class=""legende__titre gras sous-ligne"">Université de Genève - Uni Dufour</a>
    </h2>
    <p>Rue du Général-DUFOUR 24<br>1204 Genève<br><br><br><a href=""http://www.unige.ch"" class=""ext"" data-extlink="""" title=""(Nouvelle fenêtre)"" target=""_blank"" rel=""noopener"">Site web de l'Université de Genève<svg focusable=""false"" class=""ext"" role=""img"" aria-label=""(le lien est externe)"" xmlns=""http://www.w3.org/2000/svg"" viewBox=""0 0 80 40""><metadata><sfw xmlns=""http://ns.adobe.com/SaveForWeb/1.0/""><slicesourcebounds y=""-8160"" x=""-8165"" width=""16389"" height=""16384"" bottomleftorigin=""true""></slicesourcebounds><optimizationsettings><targetsettings targetsettingsid=""0"" fileformat=""PNG24Format""><png24format transparency=""true"" filtered=""false"" interlaced=""false"" nomattecolor=""false"" mattecolor=""#FFFFFF""></png24format></targetsettings></optimizationsettings></sfw></metadata><title>(le lien est externe)</title><path d=""M48 26c-1.1 0-2 0.9-2 2v26H10V18h26c1.1 0 2-0.9 2-2s-0.9-2-2-2H8c-1.1 0-2 0.9-2 2v40c0 1.1 0.9 2 2 2h40c1.1 0 2-0.9 2-2V28C50 26.9 49.1 26 48 26z""></path><path d=""M56 6H44c-1.1 0-2 0.9-2 2s0.9 2 2 2h7.2L30.6 30.6c-0.8 0.8-0.8 2 0 2.8C31 33.8 31.5 34 32 34s1-0.2 1.4-0.6L54 12.8V20c0 1.1 0.9 2 2 2s2-0.9 2-2V8C58 6.9 57.1 6 56 6z""></path></svg></a></p>
  <a href=""mailto:"" class=""legende__mail""></a>
      <a href=""https://www.google.com/maps/@46.199806719771,6.1426223384301,15z"" class=""legende__bouton-plan bouton primaire ext"" data-extlink="""" title=""(Nouvelle fenêtre)"" target=""_blank"" rel=""noopener"">
      <i aria-hidden=""true"" class=""fas fa-map-marker-alt""></i>
      Voir sur le plan
    <svg focusable=""false"" class=""ext"" role=""img"" aria-label=""(le lien est externe)"" xmlns=""http://www.w3.org/2000/svg"" viewBox=""0 0 80 40""><metadata><sfw xmlns=""http://ns.adobe.com/SaveForWeb/1.0/""><slicesourcebounds y=""-8160"" x=""-8165"" width=""16389"" height=""16384"" bottomleftorigin=""true""></slicesourcebounds><optimizationsettings><targetsettings targetsettingsid=""0"" fileformat=""PNG24Format""><png24format transparency=""true"" filtered=""false"" interlaced=""false"" nomattecolor=""false"" mattecolor=""#FFFFFF""></png24format></targetsettings></optimizationsettings></sfw></metadata><title>(le lien est externe)</title><path d=""M48 26c-1.1 0-2 0.9-2 2v26H10V18h26c1.1 0 2-0.9 2-2s-0.9-2-2-2H8c-1.1 0-2 0.9-2 2v40c0 1.1 0.9 2 2 2h40c1.1 0 2-0.9 2-2V28C50 26.9 49.1 26 48 26z""></path><path d=""M56 6H44c-1.1 0-2 0.9-2 2s0.9 2 2 2h7.2L30.6 30.6c-0.8 0.8-0.8 2 0 2.8C31 33.8 31.5 34 32 34s1-0.2 1.4-0.6L54 12.8V20c0 1.1 0.9 2 2 2s2-0.9 2-2V8C58 6.9 57.1 6 56 6z""></path></svg></a>
  ","Université de Genève - Uni Dufour
Rue du Général-DUFOUR 24
1204 Genève
Site web de l'Université de Genève"
"Stories of Rivers","Jeudi 21 novembre, 19h","https://www.geneve.ch/agenda/stories-rivers","Prix libre, sur réservation 15 jours avant la date de l'événement","<div class=""legende"">
      <h2>
      <a href=""/musee-art-histoire"" class=""legende__titre gras sous-ligne"">Musée d'art et d'histoire</a>
    </h2>
    <p>Rue Charles-GALLAND 2<br>1206 Genève<br><br><br>Tél. +41 22 418 26 00<br>Fax +41 22 418 26 01<br><a href=""mailto:mah@ville-ge.ch"">mah@ville-ge.ch</a><br><a href=""http://www.mah-geneve.ch "" class=""ext"" data-extlink="""" title=""(Nouvelle fenêtre)"" target=""_blank"" rel=""noopener"">Site web du Musée d'art et d'histoire<svg focusable=""false"" class=""ext"" role=""img"" aria-label=""(le lien est externe)"" xmlns=""http://www.w3.org/2000/svg"" viewBox=""0 0 80 40""><metadata><sfw xmlns=""http://ns.adobe.com/SaveForWeb/1.0/""><slicesourcebounds y=""-8160"" x=""-8165"" width=""16389"" height=""16384"" bottomleftorigin=""true""></slicesourcebounds><optimizationsettings><targetsettings targetsettingsid=""0"" fileformat=""PNG24Format""><png24format transparency=""true"" filtered=""false"" interlaced=""false"" nomattecolor=""false"" mattecolor=""#FFFFFF""></png24format></targetsettings></optimizationsettings></sfw></metadata><title>(le lien est externe)</title><path d=""M48 26c-1.1 0-2 0.9-2 2v26H10V18h26c1.1 0 2-0.9 2-2s-0.9-2-2-2H8c-1.1 0-2 0.9-2 2v40c0 1.1 0.9 2 2 2h40c1.1 0 2-0.9 2-2V28C50 26.9 49.1 26 48 26z""></path><path d=""M56 6H44c-1.1 0-2 0.9-2 2s0.9 2 2 2h7.2L30.6 30.6c-0.8 0.8-0.8 2 0 2.8C31 33.8 31.5 34 32 34s1-0.2 1.4-0.6L54 12.8V20c0 1.1 0.9 2 2 2s2-0.9 2-2V8C58 6.9 57.1 6 56 6z""></path></svg></a></p>
  <a href=""mailto:"" class=""legende__mail""></a>
      <a href=""https://www.google.com/maps/@46.199363671283,6.151641577634,15z"" class=""legende__bouton-plan bouton primaire ext"" data-extlink="""" title=""(Nouvelle fenêtre)"" target=""_blank"" rel=""noopener"">
      <i aria-hidden=""true"" class=""fas fa-map-marker-alt""></i>
      Voir sur le plan
    <svg focusable=""false"" class=""ext"" role=""img"" aria-label=""(le lien est externe)"" xmlns=""http://www.w3.org/2000/svg"" viewBox=""0 0 80 40""><metadata><sfw xmlns=""http://ns.adobe.com/SaveForWeb/1.0/""><slicesourcebounds y=""-8160"" x=""-8165"" width=""16389"" height=""16384"" bottomleftorigin=""true""></slicesourcebounds><optimizationsettings><targetsettings targetsettingsid=""0"" fileformat=""PNG24Format""><png24format transparency=""true"" filtered=""false"" interlaced=""false"" nomattecolor=""false"" mattecolor=""#FFFFFF""></png24format></targetsettings></optimizationsettings></sfw></metadata><title>(le lien est externe)</title><path d=""M48 26c-1.1 0-2 0.9-2 2v26H10V18h26c1.1 0 2-0.9 2-2s-0.9-2-2-2H8c-1.1 0-2 0.9-2 2v40c0 1.1 0.9 2 2 2h40c1.1 0 2-0.9 2-2V28C50 26.9 49.1 26 48 26z""></path><path d=""M56 6H44c-1.1 0-2 0.9-2 2s0.9 2 2 2h7.2L30.6 30.6c-0.8 0.8-0.8 2 0 2.8C31 33.8 31.5 34 32 34s1-0.2 1.4-0.6L54 12.8V20c0 1.1 0.9 2 2 2s2-0.9 2-2V8C58 6.9 57.1 6 56 6z""></path></svg></a>
  </div>","
      <h2>
      <a href=""/musee-art-histoire"" class=""legende__titre gras sous-ligne"">Musée d'art et d'histoire</a>
    </h2>
    <p>Rue Charles-GALLAND 2<br>1206 Genève<br><br><br>Tél. +41 22 418 26 00<br>Fax +41 22 418 26 01<br><a href=""mailto:mah@ville-ge.ch"">mah@ville-ge.ch</a><br><a href=""http://www.mah-geneve.ch "" class=""ext"" data-extlink="""" title=""(Nouvelle fenêtre)"" target=""_blank"" rel=""noopener"">Site web du Musée d'art et d'histoire<svg focusable=""false"" class=""ext"" role=""img"" aria-label=""(le lien est externe)"" xmlns=""http://www.w3.org/2000/svg"" viewBox=""0 0 80 40""><metadata><sfw xmlns=""http://ns.adobe.com/SaveForWeb/1.0/""><slicesourcebounds y=""-8160"" x=""-8165"" width=""16389"" height=""16384"" bottomleftorigin=""true""></slicesourcebounds><optimizationsettings><targetsettings targetsettingsid=""0"" fileformat=""PNG24Format""><png24format transparency=""true"" filtered=""false"" interlaced=""false"" nomattecolor=""false"" mattecolor=""#FFFFFF""></png24format></targetsettings></optimizationsettings></sfw></metadata><title>(le lien est externe)</title><path d=""M48 26c-1.1 0-2 0.9-2 2v26H10V18h26c1.1 0 2-0.9 2-2s-0.9-2-2-2H8c-1.1 0-2 0.9-2 2v40c0 1.1 0.9 2 2 2h40c1.1 0 2-0.9 2-2V28C50 26.9 49.1 26 48 26z""></path><path d=""M56 6H44c-1.1 0-2 0.9-2 2s0.9 2 2 2h7.2L30.6 30.6c-0.8 0.8-0.8 2 0 2.8C31 33.8 31.5 34 32 34s1-0.2 1.4-0.6L54 12.8V20c0 1.1 0.9 2 2 2s2-0.9 2-2V8C58 6.9 57.1 6 56 6z""></path></svg></a></p>
  <a href=""mailto:"" class=""legende__mail""></a>
      <a href=""https://www.google.com/maps/@46.199363671283,6.151641577634,15z"" class=""legende__bouton-plan bouton primaire ext"" data-extlink="""" title=""(Nouvelle fenêtre)"" target=""_blank"" rel=""noopener"">
      <i aria-hidden=""true"" class=""fas fa-map-marker-alt""></i>
      Voir sur le plan
    <svg focusable=""false"" class=""ext"" role=""img"" aria-label=""(le lien est externe)"" xmlns=""http://www.w3.org/2000/svg"" viewBox=""0 0 80 40""><metadata><sfw xmlns=""http://ns.adobe.com/SaveForWeb/1.0/""><slicesourcebounds y=""-8160"" x=""-8165"" width=""16389"" height=""16384"" bottomleftorigin=""true""></slicesourcebounds><optimizationsettings><targetsettings targetsettingsid=""0"" fileformat=""PNG24Format""><png24format transparency=""true"" filtered=""false"" interlaced=""false"" nomattecolor=""false"" mattecolor=""#FFFFFF""></png24format></targetsettings></optimizationsettings></sfw></metadata><title>(le lien est externe)</title><path d=""M48 26c-1.1 0-2 0.9-2 2v26H10V18h26c1.1 0 2-0.9 2-2s-0.9-2-2-2H8c-1.1 0-2 0.9-2 2v40c0 1.1 0.9 2 2 2h40c1.1 0 2-0.9 2-2V28C50 26.9 49.1 26 48 26z""></path><path d=""M56 6H44c-1.1 0-2 0.9-2 2s0.9 2 2 2h7.2L30.6 30.6c-0.8 0.8-0.8 2 0 2.8C31 33.8 31.5 34 32 34s1-0.2 1.4-0.6L54 12.8V20c0 1.1 0.9 2 2 2s2-0.9 2-2V8C58 6.9 57.1 6 56 6z""></path></svg></a>
  ","Musée d'art et d'histoire
Rue Charles-GALLAND 2
1206 Genève
Tél. +41 22 418 26 00
Fax +41 22 418 26 01
mah@ville-ge.ch
Site web du Musée d'art et d'histoire"
"Coup de foudre","Jeudi 21 novembre, 19h30","https://www.geneve.ch/agenda/coup-foudre","Gratuit","","",""
"OSR: Jonathan Nott et Valentine Michaud au saxophone","Jeudi 21 novembre, 19h30","https://www.geneve.ch/agenda/jonathan-nott-valentine-michaud-saxophone-0","Orchestre de la Suisse Romande - rue Bovy-Lysberg 2 - 1204 Genève","<div class=""legende"">
      <h2>
      <a href=""/victoria-hall"" class=""legende__titre gras sous-ligne"">Victoria Hall</a>
    </h2>
    <p>Rue du Général-DUFOUR 14<br>1204 Genève<br><br><br>Tél. +41 22 418 35 00<br>Fax +41 22 418 35 01<br><a href=""mailto:victoriahall@ville-ge.ch"">victoriahall@ville-ge.ch</a><br><a href=""http://www.ville-ge.ch/vh"" class=""ext"" data-extlink="""" title=""(Nouvelle fenêtre)"" target=""_blank"" rel=""noopener"">Site web du Victoria Hall<svg focusable=""false"" class=""ext"" role=""img"" aria-label=""(le lien est externe)"" xmlns=""http://www.w3.org/2000/svg"" viewBox=""0 0 80 40""><metadata><sfw xmlns=""http://ns.adobe.com/SaveForWeb/1.0/""><slicesourcebounds y=""-8160"" x=""-8165"" width=""16389"" height=""16384"" bottomleftorigin=""true""></slicesourcebounds><optimizationsettings><targetsettings targetsettingsid=""0"" fileformat=""PNG24Format""><png24format transparency=""true"" filtered=""false"" interlaced=""false"" nomattecolor=""false"" mattecolor=""#FFFFFF""></png24format></targetsettings></optimizationsettings></sfw></metadata><title>(le lien est externe)</title><path d=""M48 26c-1.1 0-2 0.9-2 2v26H10V18h26c1.1 0 2-0.9 2-2s-0.9-2-2-2H8c-1.1 0-2 0.9-2 2v40c0 1.1 0.9 2 2 2h40c1.1 0 2-0.9 2-2V28C50 26.9 49.1 26 48 26z""></path><path d=""M56 6H44c-1.1 0-2 0.9-2 2s0.9 2 2 2h7.2L30.6 30.6c-0.8 0.8-0.8 2 0 2.8C31 33.8 31.5 34 32 34s1-0.2 1.4-0.6L54 12.8V20c0 1.1 0.9 2 2 2s2-0.9 2-2V8C58 6.9 57.1 6 56 6z""></path></svg></a></p>
  <a href=""mailto:"" class=""legende__mail""></a>
      <a href=""https://www.google.com/maps/@46.201527070797,6.1414083661396,15z"" class=""legende__bouton-plan bouton primaire ext"" data-extlink="""" title=""(Nouvelle fenêtre)"" target=""_blank"" rel=""noopener"">
      <i aria-hidden=""true"" class=""fas fa-map-marker-alt""></i>
      Voir sur le plan
    <svg focusable=""false"" class=""ext"" role=""img"" aria-label=""(le lien est externe)"" xmlns=""http://www.w3.org/2000/svg"" viewBox=""0 0 80 40""><metadata><sfw xmlns=""http://ns.adobe.com/SaveForWeb/1.0/""><slicesourcebounds y=""-8160"" x=""-8165"" width=""16389"" height=""16384"" bottomleftorigin=""true""></slicesourcebounds><optimizationsettings><targetsettings targetsettingsid=""0"" fileformat=""PNG24Format""><png24format transparency=""true"" filtered=""false"" interlaced=""false"" nomattecolor=""false"" mattecolor=""#FFFFFF""></png24format></targetsettings></optimizationsettings></sfw></metadata><title>(le lien est externe)</title><path d=""M48 26c-1.1 0-2 0.9-2 2v26H10V18h26c1.1 0 2-0.9 2-2s-0.9-2-2-2H8c-1.1 0-2 0.9-2 2v40c0 1.1 0.9 2 2 2h40c1.1 0 2-0.9 2-2V28C50 26.9 49.1 26 48 26z""></path><path d=""M56 6H44c-1.1 0-2 0.9-2 2s0.9 2 2 2h7.2L30.6 30.6c-0.8 0.8-0.8 2 0 2.8C31 33.8 31.5 34 32 34s1-0.2 1.4-0.6L54 12.8V20c0 1.1 0.9 2 2 2s2-0.9 2-2V8C58 6.9 57.1 6 56 6z""></path></svg></a>
  </div>","
      <h2>
      <a href=""/victoria-hall"" class=""legende__titre gras sous-ligne"">Victoria Hall</a>
    </h2>
    <p>Rue du Général-DUFOUR 14<br>1204 Genève<br><br><br>Tél. +41 22 418 35 00<br>Fax +41 22 418 35 01<br><a href=""mailto:victoriahall@ville-ge.ch"">victoriahall@ville-ge.ch</a><br><a href=""http://www.ville-ge.ch/vh"" class=""ext"" data-extlink="""" title=""(Nouvelle fenêtre)"" target=""_blank"" rel=""noopener"">Site web du Victoria Hall<svg focusable=""false"" class=""ext"" role=""img"" aria-label=""(le lien est externe)"" xmlns=""http://www.w3.org/2000/svg"" viewBox=""0 0 80 40""><metadata><sfw xmlns=""http://ns.adobe.com/SaveForWeb/1.0/""><slicesourcebounds y=""-8160"" x=""-8165"" width=""16389"" height=""16384"" bottomleftorigin=""true""></slicesourcebounds><optimizationsettings><targetsettings targetsettingsid=""0"" fileformat=""PNG24Format""><png24format transparency=""true"" filtered=""false"" interlaced=""false"" nomattecolor=""false"" mattecolor=""#FFFFFF""></png24format></targetsettings></optimizationsettings></sfw></metadata><title>(le lien est externe)</title><path d=""M48 26c-1.1 0-2 0.9-2 2v26H10V18h26c1.1 0 2-0.9 2-2s-0.9-2-2-2H8c-1.1 0-2 0.9-2 2v40c0 1.1 0.9 2 2 2h40c1.1 0 2-0.9 2-2V28C50 26.9 49.1 26 48 26z""></path><path d=""M56 6H44c-1.1 0-2 0.9-2 2s0.9 2 2 2h7.2L30.6 30.6c-0.8 0.8-0.8 2 0 2.8C31 33.8 31.5 34 32 34s1-0.2 1.4-0.6L54 12.8V20c0 1.1 0.9 2 2 2s2-0.9 2-2V8C58 6.9 57.1 6 56 6z""></path></svg></a></p>
  <a href=""mailto:"" class=""legende__mail""></a>
      <a href=""https://www.google.com/maps/@46.201527070797,6.1414083661396,15z"" class=""legende__bouton-plan bouton primaire ext"" data-extlink="""" title=""(Nouvelle fenêtre)"" target=""_blank"" rel=""noopener"">
      <i aria-hidden=""true"" class=""fas fa-map-marker-alt""></i>
      Voir sur le plan
    <svg focusable=""false"" class=""ext"" role=""img"" aria-label=""(le lien est externe)"" xmlns=""http://www.w3.org/2000/svg"" viewBox=""0 0 80 40""><metadata><sfw xmlns=""http://ns.adobe.com/SaveForWeb/1.0/""><slicesourcebounds y=""-8160"" x=""-8165"" width=""16389"" height=""16384"" bottomleftorigin=""true""></slicesourcebounds><optimizationsettings><targetsettings targetsettingsid=""0"" fileformat=""PNG24Format""><png24format transparency=""true"" filtered=""false"" interlaced=""false"" nomattecolor=""false"" mattecolor=""#FFFFFF""></png24format></targetsettings></optimizationsettings></sfw></metadata><title>(le lien est externe)</title><path d=""M48 26c-1.1 0-2 0.9-2 2v26H10V18h26c1.1 0 2-0.9 2-2s-0.9-2-2-2H8c-1.1 0-2 0.9-2 2v40c0 1.1 0.9 2 2 2h40c1.1 0 2-0.9 2-2V28C50 26.9 49.1 26 48 26z""></path><path d=""M56 6H44c-1.1 0-2 0.9-2 2s0.9 2 2 2h7.2L30.6 30.6c-0.8 0.8-0.8 2 0 2.8C31 33.8 31.5 34 32 34s1-0.2 1.4-0.6L54 12.8V20c0 1.1 0.9 2 2 2s2-0.9 2-2V8C58 6.9 57.1 6 56 6z""></path></svg></a>
  ","Victoria Hall
Rue du Général-DUFOUR 14
1204 Genève
Tél. +41 22 418 35 00
Fax +41 22 418 35 01
victoriahall@ville-ge.ch
Site web du Victoria Hall"
"La Bibliothèque de Genève à travers le temps (2)","Jeudi 21 novembre, 18h","https://www.geneve.ch/agenda/bibliotheque-geneve-travers-temps-2","CHF 0.-","<div class=""legende"">
      <h2>
      <a href=""/bibliotheque-geneve"" class=""legende__titre gras sous-ligne"">Bibliothèque de Genève</a>
    </h2>
    <p>Promenade des Bastions 8<br>1205 Genève<br><br><br>Tél. +41 22 418 28 00<br>Fax +41 22 418 28 01 <br><a href=""mailto:info.bge@ville-ge.ch"">info.bge@ville-ge.ch</a><br><a href=""https://www.bge-geneve.ch/horaires-acces/bastions"" class=""ext"" data-extlink="""" title=""(Nouvelle fenêtre)"" target=""_blank"" rel=""noopener"">Site web de la Bibliothèque de Genève<svg focusable=""false"" class=""ext"" role=""img"" aria-label=""(le lien est externe)"" xmlns=""http://www.w3.org/2000/svg"" viewBox=""0 0 80 40""><metadata><sfw xmlns=""http://ns.adobe.com/SaveForWeb/1.0/""><slicesourcebounds y=""-8160"" x=""-8165"" width=""16389"" height=""16384"" bottomleftorigin=""true""></slicesourcebounds><optimizationsettings><targetsettings targetsettingsid=""0"" fileformat=""PNG24Format""><png24format transparency=""true"" filtered=""false"" interlaced=""false"" nomattecolor=""false"" mattecolor=""#FFFFFF""></png24format></targetsettings></optimizationsettings></sfw></metadata><title>(le lien est externe)</title><path d=""M48 26c-1.1 0-2 0.9-2 2v26H10V18h26c1.1 0 2-0.9 2-2s-0.9-2-2-2H8c-1.1 0-2 0.9-2 2v40c0 1.1 0.9 2 2 2h40c1.1 0 2-0.9 2-2V28C50 26.9 49.1 26 48 26z""></path><path d=""M56 6H44c-1.1 0-2 0.9-2 2s0.9 2 2 2h7.2L30.6 30.6c-0.8 0.8-0.8 2 0 2.8C31 33.8 31.5 34 32 34s1-0.2 1.4-0.6L54 12.8V20c0 1.1 0.9 2 2 2s2-0.9 2-2V8C58 6.9 57.1 6 56 6z""></path></svg></a></p>
  <a href=""mailto:"" class=""legende__mail""></a>
      <a href=""https://www.google.com/maps/@46.198919514661,6.1451480468562,15z"" class=""legende__bouton-plan bouton primaire ext"" data-extlink="""" title=""(Nouvelle fenêtre)"" target=""_blank"" rel=""noopener"">
      <i aria-hidden=""true"" class=""fas fa-map-marker-alt""></i>
      Voir sur le plan
    <svg focusable=""false"" class=""ext"" role=""img"" aria-label=""(le lien est externe)"" xmlns=""http://www.w3.org/2000/svg"" viewBox=""0 0 80 40""><metadata><sfw xmlns=""http://ns.adobe.com/SaveForWeb/1.0/""><slicesourcebounds y=""-8160"" x=""-8165"" width=""16389"" height=""16384"" bottomleftorigin=""true""></slicesourcebounds><optimizationsettings><targetsettings targetsettingsid=""0"" fileformat=""PNG24Format""><png24format transparency=""true"" filtered=""false"" interlaced=""false"" nomattecolor=""false"" mattecolor=""#FFFFFF""></png24format></targetsettings></optimizationsettings></sfw></metadata><title>(le lien est externe)</title><path d=""M48 26c-1.1 0-2 0.9-2 2v26H10V18h26c1.1 0 2-0.9 2-2s-0.9-2-2-2H8c-1.1 0-2 0.9-2 2v40c0 1.1 0.9 2 2 2h40c1.1 0 2-0.9 2-2V28C50 26.9 49.1 26 48 26z""></path><path d=""M56 6H44c-1.1 0-2 0.9-2 2s0.9 2 2 2h7.2L30.6 30.6c-0.8 0.8-0.8 2 0 2.8C31 33.8 31.5 34 32 34s1-0.2 1.4-0.6L54 12.8V20c0 1.1 0.9 2 2 2s2-0.9 2-2V8C58 6.9 57.1 6 56 6z""></path></svg></a>
  </div>","
      <h2>
      <a href=""/bibliotheque-geneve"" class=""legende__titre gras sous-ligne"">Bibliothèque de Genève</a>
    </h2>
    <p>Promenade des Bastions 8<br>1205 Genève<br><br><br>Tél. +41 22 418 28 00<br>Fax +41 22 418 28 01 <br><a href=""mailto:info.bge@ville-ge.ch"">info.bge@ville-ge.ch</a><br><a href=""https://www.bge-geneve.ch/horaires-acces/bastions"" class=""ext"" data-extlink="""" title=""(Nouvelle fenêtre)"" target=""_blank"" rel=""noopener"">Site web de la Bibliothèque de Genève<svg focusable=""false"" class=""ext"" role=""img"" aria-label=""(le lien est externe)"" xmlns=""http://www.w3.org/2000/svg"" viewBox=""0 0 80 40""><metadata><sfw xmlns=""http://ns.adobe.com/SaveForWeb/1.0/""><slicesourcebounds y=""-8160"" x=""-8165"" width=""16389"" height=""16384"" bottomleftorigin=""true""></slicesourcebounds><optimizationsettings><targetsettings targetsettingsid=""0"" fileformat=""PNG24Format""><png24format transparency=""true"" filtered=""false"" interlaced=""false"" nomattecolor=""false"" mattecolor=""#FFFFFF""></png24format></targetsettings></optimizationsettings></sfw></metadata><title>(le lien est externe)</title><path d=""M48 26c-1.1 0-2 0.9-2 2v26H10V18h26c1.1 0 2-0.9 2-2s-0.9-2-2-2H8c-1.1 0-2 0.9-2 2v40c0 1.1 0.9 2 2 2h40c1.1 0 2-0.9 2-2V28C50 26.9 49.1 26 48 26z""></path><path d=""M56 6H44c-1.1 0-2 0.9-2 2s0.9 2 2 2h7.2L30.6 30.6c-0.8 0.8-0.8 2 0 2.8C31 33.8 31.5 34 32 34s1-0.2 1.4-0.6L54 12.8V20c0 1.1 0.9 2 2 2s2-0.9 2-2V8C58 6.9 57.1 6 56 6z""></path></svg></a></p>
  <a href=""mailto:"" class=""legende__mail""></a>
      <a href=""https://www.google.com/maps/@46.198919514661,6.1451480468562,15z"" class=""legende__bouton-plan bouton primaire ext"" data-extlink="""" title=""(Nouvelle fenêtre)"" target=""_blank"" rel=""noopener"">
      <i aria-hidden=""true"" class=""fas fa-map-marker-alt""></i>
      Voir sur le plan
    <svg focusable=""false"" class=""ext"" role=""img"" aria-label=""(le lien est externe)"" xmlns=""http://www.w3.org/2000/svg"" viewBox=""0 0 80 40""><metadata><sfw xmlns=""http://ns.adobe.com/SaveForWeb/1.0/""><slicesourcebounds y=""-8160"" x=""-8165"" width=""16389"" height=""16384"" bottomleftorigin=""true""></slicesourcebounds><optimizationsettings><targetsettings targetsettingsid=""0"" fileformat=""PNG24Format""><png24format transparency=""true"" filtered=""false"" interlaced=""false"" nomattecolor=""false"" mattecolor=""#FFFFFF""></png24format></targetsettings></optimizationsettings></sfw></metadata><title>(le lien est externe)</title><path d=""M48 26c-1.1 0-2 0.9-2 2v26H10V18h26c1.1 0 2-0.9 2-2s-0.9-2-2-2H8c-1.1 0-2 0.9-2 2v40c0 1.1 0.9 2 2 2h40c1.1 0 2-0.9 2-2V28C50 26.9 49.1 26 48 26z""></path><path d=""M56 6H44c-1.1 0-2 0.9-2 2s0.9 2 2 2h7.2L30.6 30.6c-0.8 0.8-0.8 2 0 2.8C31 33.8 31.5 34 32 34s1-0.2 1.4-0.6L54 12.8V20c0 1.1 0.9 2 2 2s2-0.9 2-2V8C58 6.9 57.1 6 56 6z""></path></svg></a>
  ","Bibliothèque de Genève
Promenade des Bastions 8
1205 Genève
Tél. +41 22 418 28 00
Fax +41 22 418 28 01
info.bge@ville-ge.ch
Site web de la Bibliothèque de Genève"
"Goya et les Conventions de Genève / Goya and the Geneva Conventions / Goya y los Convenios de Ginebra","Jeudi 21 novembre, 17h, 18h, 19h, 20h","https://www.geneve.ch/agenda/goya-conventions-geneve-goya-geneva-conventions-goya-convenios-ginebra","Prix libre, sur réservation","<div class=""legende"">
      <h2>
      <a href=""/gammah"" class=""legende__titre gras sous-ligne"">GamMAH</a>
    </h2>
    <p>Promenade du Pin 5<br>1204 Genève<br>(3ème étage)<br><br>Tél. + 41 22 418 26 00<br><a href=""mailto:mah@ville-ge.ch"">mah@ville-ge.ch</a><br><a href=""https://www.mahmah.ch/visite/horaires-acces#58462"" class=""ext"" data-extlink="""" title=""(Nouvelle fenêtre)"" target=""_blank"" rel=""noopener"">Site web du MAH: GamMAH<svg focusable=""false"" class=""ext"" role=""img"" aria-label=""(le lien est externe)"" xmlns=""http://www.w3.org/2000/svg"" viewBox=""0 0 80 40""><metadata><sfw xmlns=""http://ns.adobe.com/SaveForWeb/1.0/""><slicesourcebounds y=""-8160"" x=""-8165"" width=""16389"" height=""16384"" bottomleftorigin=""true""></slicesourcebounds><optimizationsettings><targetsettings targetsettingsid=""0"" fileformat=""PNG24Format""><png24format transparency=""true"" filtered=""false"" interlaced=""false"" nomattecolor=""false"" mattecolor=""#FFFFFF""></png24format></targetsettings></optimizationsettings></sfw></metadata><title>(le lien est externe)</title><path d=""M48 26c-1.1 0-2 0.9-2 2v26H10V18h26c1.1 0 2-0.9 2-2s-0.9-2-2-2H8c-1.1 0-2 0.9-2 2v40c0 1.1 0.9 2 2 2h40c1.1 0 2-0.9 2-2V28C50 26.9 49.1 26 48 26z""></path><path d=""M56 6H44c-1.1 0-2 0.9-2 2s0.9 2 2 2h7.2L30.6 30.6c-0.8 0.8-0.8 2 0 2.8C31 33.8 31.5 34 32 34s1-0.2 1.4-0.6L54 12.8V20c0 1.1 0.9 2 2 2s2-0.9 2-2V8C58 6.9 57.1 6 56 6z""></path></svg></a></p>
  <a href=""mailto:"" class=""legende__mail""></a>
      <a href=""https://www.google.com/maps/@46.198352017275,6.1505137570008,15z"" class=""legende__bouton-plan bouton primaire ext"" data-extlink="""" title=""(Nouvelle fenêtre)"" target=""_blank"" rel=""noopener"">
      <i aria-hidden=""true"" class=""fas fa-map-marker-alt""></i>
      Voir sur le plan
    <svg focusable=""false"" class=""ext"" role=""img"" aria-label=""(le lien est externe)"" xmlns=""http://www.w3.org/2000/svg"" viewBox=""0 0 80 40""><metadata><sfw xmlns=""http://ns.adobe.com/SaveForWeb/1.0/""><slicesourcebounds y=""-8160"" x=""-8165"" width=""16389"" height=""16384"" bottomleftorigin=""true""></slicesourcebounds><optimizationsettings><targetsettings targetsettingsid=""0"" fileformat=""PNG24Format""><png24format transparency=""true"" filtered=""false"" interlaced=""false"" nomattecolor=""false"" mattecolor=""#FFFFFF""></png24format></targetsettings></optimizationsettings></sfw></metadata><title>(le lien est externe)</title><path d=""M48 26c-1.1 0-2 0.9-2 2v26H10V18h26c1.1 0 2-0.9 2-2s-0.9-2-2-2H8c-1.1 0-2 0.9-2 2v40c0 1.1 0.9 2 2 2h40c1.1 0 2-0.9 2-2V28C50 26.9 49.1 26 48 26z""></path><path d=""M56 6H44c-1.1 0-2 0.9-2 2s0.9 2 2 2h7.2L30.6 30.6c-0.8 0.8-0.8 2 0 2.8C31 33.8 31.5 34 32 34s1-0.2 1.4-0.6L54 12.8V20c0 1.1 0.9 2 2 2s2-0.9 2-2V8C58 6.9 57.1 6 56 6z""></path></svg></a>
  </div>","
      <h2>
      <a href=""/gammah"" class=""legende__titre gras sous-ligne"">GamMAH</a>
    </h2>
    <p>Promenade du Pin 5<br>1204 Genève<br>(3ème étage)<br><br>Tél. + 41 22 418 26 00<br><a href=""mailto:mah@ville-ge.ch"">mah@ville-ge.ch</a><br><a href=""https://www.mahmah.ch/visite/horaires-acces#58462"" class=""ext"" data-extlink="""" title=""(Nouvelle fenêtre)"" target=""_blank"" rel=""noopener"">Site web du MAH: GamMAH<svg focusable=""false"" class=""ext"" role=""img"" aria-label=""(le lien est externe)"" xmlns=""http://www.w3.org/2000/svg"" viewBox=""0 0 80 40""><metadata><sfw xmlns=""http://ns.adobe.com/SaveForWeb/1.0/""><slicesourcebounds y=""-8160"" x=""-8165"" width=""16389"" height=""16384"" bottomleftorigin=""true""></slicesourcebounds><optimizationsettings><targetsettings targetsettingsid=""0"" fileformat=""PNG24Format""><png24format transparency=""true"" filtered=""false"" interlaced=""false"" nomattecolor=""false"" mattecolor=""#FFFFFF""></png24format></targetsettings></optimizationsettings></sfw></metadata><title>(le lien est externe)</title><path d=""M48 26c-1.1 0-2 0.9-2 2v26H10V18h26c1.1 0 2-0.9 2-2s-0.9-2-2-2H8c-1.1 0-2 0.9-2 2v40c0 1.1 0.9 2 2 2h40c1.1 0 2-0.9 2-2V28C50 26.9 49.1 26 48 26z""></path><path d=""M56 6H44c-1.1 0-2 0.9-2 2s0.9 2 2 2h7.2L30.6 30.6c-0.8 0.8-0.8 2 0 2.8C31 33.8 31.5 34 32 34s1-0.2 1.4-0.6L54 12.8V20c0 1.1 0.9 2 2 2s2-0.9 2-2V8C58 6.9 57.1 6 56 6z""></path></svg></a></p>
  <a href=""mailto:"" class=""legende__mail""></a>
      <a href=""https://www.google.com/maps/@46.198352017275,6.1505137570008,15z"" class=""legende__bouton-plan bouton primaire ext"" data-extlink="""" title=""(Nouvelle fenêtre)"" target=""_blank"" rel=""noopener"">
      <i aria-hidden=""true"" class=""fas fa-map-marker-alt""></i>
      Voir sur le plan
    <svg focusable=""false"" class=""ext"" role=""img"" aria-label=""(le lien est externe)"" xmlns=""http://www.w3.org/2000/svg"" viewBox=""0 0 80 40""><metadata><sfw xmlns=""http://ns.adobe.com/SaveForWeb/1.0/""><slicesourcebounds y=""-8160"" x=""-8165"" width=""16389"" height=""16384"" bottomleftorigin=""true""></slicesourcebounds><optimizationsettings><targetsettings targetsettingsid=""0"" fileformat=""PNG24Format""><png24format transparency=""true"" filtered=""false"" interlaced=""false"" nomattecolor=""false"" mattecolor=""#FFFFFF""></png24format></targetsettings></optimizationsettings></sfw></metadata><title>(le lien est externe)</title><path d=""M48 26c-1.1 0-2 0.9-2 2v26H10V18h26c1.1 0 2-0.9 2-2s-0.9-2-2-2H8c-1.1 0-2 0.9-2 2v40c0 1.1 0.9 2 2 2h40c1.1 0 2-0.9 2-2V28C50 26.9 49.1 26 48 26z""></path><path d=""M56 6H44c-1.1 0-2 0.9-2 2s0.9 2 2 2h7.2L30.6 30.6c-0.8 0.8-0.8 2 0 2.8C31 33.8 31.5 34 32 34s1-0.2 1.4-0.6L54 12.8V20c0 1.1 0.9 2 2 2s2-0.9 2-2V8C58 6.9 57.1 6 56 6z""></path></svg></a>
  ","GamMAH
Promenade du Pin 5
1204 Genève
(3ème étage)
Tél. + 41 22 418 26 00
mah@ville-ge.ch
Site web du MAH: GamMAH"
"FILMAR 26ème édition - Rencontre | Grace Passô","Jeudi 21 novembre, 19h45","https://www.geneve.ch/agenda/filmar-26eme-edition-rencontre-grace-passo","Gratuit","<div class=""legende"">
      <h2>
      <a href=""/cinema-spoutnik"" class=""legende__titre gras sous-ligne"">Spoutnik</a>
    </h2>
    <p>Rue de la Coulouvrenière 11<br>1204 Genève<br>Tél. +41 22 328 09 26<br>Fax +41 22 781 41 38<br><a href=""mailto:spoutnik@usine.ch"">spoutnik@usine.ch</a><br><a href=""http://www.spoutnik.info"" class=""ext"" data-extlink="""" title=""(Nouvelle fenêtre)"" target=""_blank"" rel=""noopener"">Site web du Cinéma Spoutnik<svg focusable=""false"" class=""ext"" role=""img"" aria-label=""(le lien est externe)"" xmlns=""http://www.w3.org/2000/svg"" viewBox=""0 0 80 40""><metadata><sfw xmlns=""http://ns.adobe.com/SaveForWeb/1.0/""><slicesourcebounds y=""-8160"" x=""-8165"" width=""16389"" height=""16384"" bottomleftorigin=""true""></slicesourcebounds><optimizationsettings><targetsettings targetsettingsid=""0"" fileformat=""PNG24Format""><png24format transparency=""true"" filtered=""false"" interlaced=""false"" nomattecolor=""false"" mattecolor=""#FFFFFF""></png24format></targetsettings></optimizationsettings></sfw></metadata><title>(le lien est externe)</title><path d=""M48 26c-1.1 0-2 0.9-2 2v26H10V18h26c1.1 0 2-0.9 2-2s-0.9-2-2-2H8c-1.1 0-2 0.9-2 2v40c0 1.1 0.9 2 2 2h40c1.1 0 2-0.9 2-2V28C50 26.9 49.1 26 48 26z""></path><path d=""M56 6H44c-1.1 0-2 0.9-2 2s0.9 2 2 2h7.2L30.6 30.6c-0.8 0.8-0.8 2 0 2.8C31 33.8 31.5 34 32 34s1-0.2 1.4-0.6L54 12.8V20c0 1.1 0.9 2 2 2s2-0.9 2-2V8C58 6.9 57.1 6 56 6z""></path></svg></a></p>
  <a href=""mailto:"" class=""legende__mail""></a>
      <a href=""https://www.google.com/maps/@46.203887385468,6.1357751293406,15z"" class=""legende__bouton-plan bouton primaire ext"" data-extlink="""" title=""(Nouvelle fenêtre)"" target=""_blank"" rel=""noopener"">
      <i aria-hidden=""true"" class=""fas fa-map-marker-alt""></i>
      Voir sur le plan
    <svg focusable=""false"" class=""ext"" role=""img"" aria-label=""(le lien est externe)"" xmlns=""http://www.w3.org/2000/svg"" viewBox=""0 0 80 40""><metadata><sfw xmlns=""http://ns.adobe.com/SaveForWeb/1.0/""><slicesourcebounds y=""-8160"" x=""-8165"" width=""16389"" height=""16384"" bottomleftorigin=""true""></slicesourcebounds><optimizationsettings><targetsettings targetsettingsid=""0"" fileformat=""PNG24Format""><png24format transparency=""true"" filtered=""false"" interlaced=""false"" nomattecolor=""false"" mattecolor=""#FFFFFF""></png24format></targetsettings></optimizationsettings></sfw></metadata><title>(le lien est externe)</title><path d=""M48 26c-1.1 0-2 0.9-2 2v26H10V18h26c1.1 0 2-0.9 2-2s-0.9-2-2-2H8c-1.1 0-2 0.9-2 2v40c0 1.1 0.9 2 2 2h40c1.1 0 2-0.9 2-2V28C50 26.9 49.1 26 48 26z""></path><path d=""M56 6H44c-1.1 0-2 0.9-2 2s0.9 2 2 2h7.2L30.6 30.6c-0.8 0.8-0.8 2 0 2.8C31 33.8 31.5 34 32 34s1-0.2 1.4-0.6L54 12.8V20c0 1.1 0.9 2 2 2s2-0.9 2-2V8C58 6.9 57.1 6 56 6z""></path></svg></a>
  </div>","
      <h2>
      <a href=""/cinema-spoutnik"" class=""legende__titre gras sous-ligne"">Spoutnik</a>
    </h2>
    <p>Rue de la Coulouvrenière 11<br>1204 Genève<br>Tél. +41 22 328 09 26<br>Fax +41 22 781 41 38<br><a href=""mailto:spoutnik@usine.ch"">spoutnik@usine.ch</a><br><a href=""http://www.spoutnik.info"" class=""ext"" data-extlink="""" title=""(Nouvelle fenêtre)"" target=""_blank"" rel=""noopener"">Site web du Cinéma Spoutnik<svg focusable=""false"" class=""ext"" role=""img"" aria-label=""(le lien est externe)"" xmlns=""http://www.w3.org/2000/svg"" viewBox=""0 0 80 40""><metadata><sfw xmlns=""http://ns.adobe.com/SaveForWeb/1.0/""><slicesourcebounds y=""-8160"" x=""-8165"" width=""16389"" height=""16384"" bottomleftorigin=""true""></slicesourcebounds><optimizationsettings><targetsettings targetsettingsid=""0"" fileformat=""PNG24Format""><png24format transparency=""true"" filtered=""false"" interlaced=""false"" nomattecolor=""false"" mattecolor=""#FFFFFF""></png24format></targetsettings></optimizationsettings></sfw></metadata><title>(le lien est externe)</title><path d=""M48 26c-1.1 0-2 0.9-2 2v26H10V18h26c1.1 0 2-0.9 2-2s-0.9-2-2-2H8c-1.1 0-2 0.9-2 2v40c0 1.1 0.9 2 2 2h40c1.1 0 2-0.9 2-2V28C50 26.9 49.1 26 48 26z""></path><path d=""M56 6H44c-1.1 0-2 0.9-2 2s0.9 2 2 2h7.2L30.6 30.6c-0.8 0.8-0.8 2 0 2.8C31 33.8 31.5 34 32 34s1-0.2 1.4-0.6L54 12.8V20c0 1.1 0.9 2 2 2s2-0.9 2-2V8C58 6.9 57.1 6 56 6z""></path></svg></a></p>
  <a href=""mailto:"" class=""legende__mail""></a>
      <a href=""https://www.google.com/maps/@46.203887385468,6.1357751293406,15z"" class=""legende__bouton-plan bouton primaire ext"" data-extlink="""" title=""(Nouvelle fenêtre)"" target=""_blank"" rel=""noopener"">
      <i aria-hidden=""true"" class=""fas fa-map-marker-alt""></i>
      Voir sur le plan
    <svg focusable=""false"" class=""ext"" role=""img"" aria-label=""(le lien est externe)"" xmlns=""http://www.w3.org/2000/svg"" viewBox=""0 0 80 40""><metadata><sfw xmlns=""http://ns.adobe.com/SaveForWeb/1.0/""><slicesourcebounds y=""-8160"" x=""-8165"" width=""16389"" height=""16384"" bottomleftorigin=""true""></slicesourcebounds><optimizationsettings><targetsettings targetsettingsid=""0"" fileformat=""PNG24Format""><png24format transparency=""true"" filtered=""false"" interlaced=""false"" nomattecolor=""false"" mattecolor=""#FFFFFF""></png24format></targetsettings></optimizationsettings></sfw></metadata><title>(le lien est externe)</title><path d=""M48 26c-1.1 0-2 0.9-2 2v26H10V18h26c1.1 0 2-0.9 2-2s-0.9-2-2-2H8c-1.1 0-2 0.9-2 2v40c0 1.1 0.9 2 2 2h40c1.1 0 2-0.9 2-2V28C50 26.9 49.1 26 48 26z""></path><path d=""M56 6H44c-1.1 0-2 0.9-2 2s0.9 2 2 2h7.2L30.6 30.6c-0.8 0.8-0.8 2 0 2.8C31 33.8 31.5 34 32 34s1-0.2 1.4-0.6L54 12.8V20c0 1.1 0.9 2 2 2s2-0.9 2-2V8C58 6.9 57.1 6 56 6z""></path></svg></a>
  ","Spoutnik
Rue de la Coulouvrenière 11
1204 Genève
Tél. +41 22 328 09 26
Fax +41 22 781 41 38
spoutnik@usine.ch
Site web du Cinéma Spoutnik"
"Atelier Fresque du Sol / Mission Genève durable","Jeudi 21 novembre, 18h15","https://www.geneve.ch/agenda/atelier-fresque-mission-geneve-durable","Gratuit, sur inscription","","",""
"Requiem","Jeudi 21 novembre, 20h","https://www.geneve.ch/agenda/requiem","à partir de 15.-","","",""